Player,Pos,Age,Tm,G,MP,FG%,Dist.,% of 2P,% of 0-3,% of 3-10,% of 10-16,% of 16-3P,% of 3P,2P FG%,0-3 FG%,3-10 FG%,10-16 FG%,16-3P FG%,3P FG%,% of 2P assisted,% of 3P assisted,username
Precious Achiuwa,C,22,TOR,73,1725,0.439,10.2,0.741,0.348,0.274,0.085,0.035,0.259,0.468,0.614,0.345,0.373,0.190,0.359,0.598,0.964,achiupr01
Steven Adams,C,28,MEM,76,1999,0.547,2.9,0.997,0.693,0.260,0.042,0.003,0.003,0.548,0.632,0.350,0.438,0.000,0.000,0.490,,adamsst01
Bam Adebayo,C,24,MIA,56,1825,0.557,7.0,0.992,0.395,0.309,0.200,0.088,0.008,0.562,0.771,0.467,0.404,0.313,0.000,0.608,,adebaba01
Santi Aldama,PF,21,MEM,32,360,0.402,12.0,0.636,0.333,0.205,0.091,0.008,0.364,0.560,0.682,0.444,0.417,0.000,0.125,0.638,1.000,aldamsa01
LaMarcus Aldridge,C,36,BRK,47,1050,0.550,12.3,0.900,0.210,0.170,0.240,0.279,0.100,0.578,0.729,0.513,0.509,0.563,0.304,0.748,1.000,aldrila01
Nickeil Alexander-Walker,SG,23,TOT,65,1466,0.372,15.8,0.503,0.213,0.162,0.071,0.057,0.497,0.433,0.579,0.318,0.375,0.282,0.311,0.399,0.876,alexani01
Grayson Allen,SG,26,MIL,66,1805,0.448,19.2,0.316,0.158,0.097,0.047,0.014,0.684,0.533,0.678,0.400,0.370,0.375,0.409,0.646,0.912,allengr01
Jarrett Allen,C,23,CLE,56,1809,0.677,3.8,0.982,0.624,0.294,0.046,0.018,0.018,0.688,0.809,0.469,0.480,0.600,0.100,0.734,0.000,allenja01
Jose Alvarado,PG,23,NOP,54,834,0.446,13.6,0.626,0.235,0.248,0.099,0.044,0.374,0.538,0.609,0.507,0.483,0.462,0.291,0.303,0.969,alvarjo01
Justin Anderson,SF,28,TOT,16,316,0.379,18.9,0.379,0.147,0.095,0.042,0.095,0.621,0.583,0.714,0.444,0.250,0.667,0.254,0.667,0.933,anderju01
Kyle Anderson,PF,28,MEM,69,1484,0.446,10.7,0.768,0.279,0.303,0.141,0.045,0.232,0.481,0.641,0.437,0.333,0.238,0.330,0.514,0.972,anderky01
Giannis Antetokounmpo,PF,27,MIL,67,2204,0.553,10.0,0.806,0.406,0.198,0.120,0.082,0.194,0.616,0.808,0.421,0.416,0.431,0.293,0.432,0.423,antetgi01
Thanasis Antetokounmpo,SF,29,MIL,48,473,0.547,5.3,0.891,0.672,0.172,0.039,0.008,0.109,0.596,0.686,0.318,0.200,1.000,0.143,0.632,0.500,antetth01
Carmelo Anthony,PF,37,LAL,69,1793,0.441,19.1,0.451,0.101,0.066,0.152,0.131,0.549,0.521,0.671,0.417,0.500,0.484,0.375,0.482,0.919,anthoca01
Cole Anthony,PG,21,ORL,65,2059,0.391,16.2,0.571,0.147,0.214,0.095,0.115,0.429,0.432,0.590,0.385,0.448,0.305,0.338,0.240,0.667,anthoco01
OG Anunoby,SF,24,TOR,48,1728,0.443,15.1,0.545,0.263,0.125,0.080,0.077,0.455,0.511,0.689,0.356,0.393,0.278,0.363,0.464,0.870,anunoog01
Ryan Arcidiacono,PG,27,NYK,10,76,0.500,21.5,0.250,0.000,0.083,0.167,0.000,0.750,0.667,,1.000,0.500,,0.444,1.000,1.000,arcidry01
Trevor Ariza,SF,36,LAL,24,462,0.333,19.3,0.253,0.162,0.081,0.010,0.000,0.747,0.520,0.688,0.250,0.000,,0.270,0.769,1.000,arizatr01
D.J. Augustin,PG,34,TOT,55,883,0.423,20.3,0.261,0.131,0.086,0.018,0.027,0.739,0.448,0.586,0.368,0.250,0.167,0.415,0.308,0.824,augusdj01
Deni Avdija,SF,21,WAS,82,1984,0.432,14.4,0.553,0.221,0.261,0.040,0.031,0.447,0.525,0.633,0.464,0.435,0.389,0.317,0.589,0.939,avdijde01
Joel Ayayi,SG,21,WAS,7,20,0.167,12.6,0.833,0.167,0.333,0.167,0.167,0.167,0.200,0.000,0.000,1.000,0.000,0.000,0.000,,ayayijo01
Deandre Ayton,C,23,PHO,58,1713,0.634,7.0,0.973,0.333,0.397,0.184,0.059,0.027,0.642,0.793,0.588,0.555,0.415,0.368,0.809,1.000,aytonde01
Udoka Azubuike,C,22,UTA,17,195,0.755,2.8,1.000,0.694,0.286,0.020,0.000,0.000,0.755,0.824,0.643,0.000,,,0.892,,azubuud01
Marvin Bagley III,PF,22,TOT,48,1146,0.504,9.2,0.783,0.327,0.363,0.081,0.011,0.217,0.579,0.795,0.457,0.306,0.200,0.237,0.658,0.913,baglema01
LaMelo Ball,PG,20,CHO,75,2422,0.429,15.9,0.549,0.204,0.176,0.104,0.065,0.451,0.462,0.582,0.398,0.389,0.370,0.389,0.264,0.750,ballla01
Lonzo Ball,PG,24,CHI,35,1212,0.423,19.9,0.321,0.154,0.047,0.057,0.063,0.679,0.423,0.610,0.333,0.273,0.167,0.423,0.404,0.845,balllo01
Mo Bamba,C,23,ORL,71,1824,0.480,14.3,0.545,0.285,0.157,0.045,0.057,0.455,0.563,0.727,0.433,0.286,0.314,0.381,0.566,0.991,bambamo01
Desmond Bane,SG,23,MEM,76,2266,0.461,16.8,0.525,0.153,0.156,0.116,0.099,0.475,0.484,0.669,0.384,0.438,0.413,0.436,0.596,0.833,banede01
Dalano Banton,PG,22,TOR,64,696,0.411,11.0,0.748,0.332,0.233,0.119,0.064,0.252,0.464,0.612,0.362,0.292,0.385,0.255,0.329,0.769,bantoda01
Cat Barber,PG,27,ATL,3,13,0.000,9.6,1.000,0.500,0.000,0.000,0.500,0.000,0.000,0.000,,,0.000,,,,barbeca01
Harrison Barnes,PF,29,SAC,77,2587,0.469,13.5,0.568,0.237,0.283,0.041,0.007,0.432,0.525,0.682,0.403,0.471,0.500,0.394,0.566,0.951,barneha02
Scottie Barnes,PF,20,TOR,74,2617,0.492,10.9,0.793,0.264,0.325,0.116,0.088,0.207,0.543,0.711,0.502,0.398,0.378,0.301,0.429,0.845,barnesc01
RJ Barrett,SF,21,NYK,70,2417,0.408,12.0,0.662,0.309,0.243,0.068,0.042,0.338,0.442,0.596,0.307,0.309,0.300,0.342,0.398,0.913,barrerj01
Will Barton,SG,31,DEN,71,2277,0.438,16.0,0.520,0.186,0.180,0.067,0.087,0.480,0.504,0.701,0.398,0.433,0.359,0.365,0.498,0.771,bartowi01
Paris Bass,SF,26,PHO,2,7,0.333,11.7,0.667,0.333,0.333,0.000,0.000,0.333,0.500,1.000,0.000,,,0.000,0.500,,basspa01
Charles Bassey,C,21,PHI,23,168,0.638,5.6,0.915,0.574,0.213,0.106,0.021,0.085,0.698,0.741,0.700,0.600,0.000,0.000,0.667,,bassech01
Keita Bates-Diop,SF,26,SAS,59,956,0.517,8.4,0.791,0.502,0.198,0.046,0.046,0.209,0.572,0.682,0.385,0.500,0.250,0.309,0.756,0.941,bateske01
Nicolas Batum,PF,33,LAC,59,1462,0.463,20.2,0.302,0.121,0.044,0.057,0.080,0.698,0.607,0.809,0.412,0.636,0.387,0.400,0.831,0.972,batumni01
Kent Bazemore,SF,32,LAL,39,545,0.324,18.1,0.424,0.173,0.094,0.058,0.101,0.576,0.271,0.333,0.308,0.125,0.214,0.363,0.813,0.931,bazemke01
Darius Bazley,PF,21,OKC,69,1924,0.422,12.7,0.586,0.307,0.251,0.011,0.017,0.414,0.511,0.613,0.405,0.571,0.182,0.297,0.639,0.950,bazleda01
Bradley Beal,SG,28,WAS,40,1439,0.451,13.1,0.728,0.197,0.252,0.171,0.108,0.272,0.508,0.697,0.407,0.470,0.458,0.300,0.365,0.603,bealbr01
Malik Beasley,SG,25,MIN,79,1976,0.391,20.8,0.251,0.088,0.066,0.052,0.045,0.749,0.432,0.587,0.357,0.341,0.342,0.377,0.652,0.904,beaslma01
Jordan Bell,C,27,CHI,1,2,,,,,,,,,,,,,,,,,belljo01
DeAndre' Bembry,SF,27,TOT,56,1026,0.561,6.2,0.837,0.584,0.249,0.000,0.005,0.163,0.589,0.667,0.418,,0.000,0.417,0.725,1.000,bembrde01
Dāvis Bertāns,PF,29,TOT,56,807,0.360,23.0,0.164,0.065,0.069,0.015,0.015,0.836,0.489,0.611,0.421,0.000,0.750,0.335,0.864,0.987,bertada01
Patrick Beverley,PG,33,MIN,58,1476,0.406,16.6,0.445,0.170,0.206,0.050,0.018,0.555,0.485,0.568,0.433,0.545,0.125,0.343,0.255,0.783,beverpa01
Saddiq Bey,SF,22,DET,82,2704,0.396,17.4,0.463,0.166,0.157,0.072,0.068,0.537,0.454,0.619,0.348,0.329,0.429,0.346,0.431,0.891,beysa01
Khem Birch,C,29,TOR,55,991,0.485,6.4,0.930,0.405,0.360,0.160,0.005,0.070,0.522,0.593,0.500,0.406,0.000,0.000,0.804,,birchkh01
Goga Bitadze,C,22,IND,50,729,0.520,10.4,0.683,0.468,0.175,0.032,0.008,0.317,0.628,0.737,0.409,0.375,0.000,0.288,0.694,1.000,bitadgo01
Bismack Biyombo,C,29,PHO,36,506,0.593,4.3,1.000,0.517,0.393,0.083,0.007,0.000,0.593,0.747,0.474,0.250,0.000,,0.744,,biyombi01
Nemanja Bjelica,C,33,GSW,71,1142,0.468,14.1,0.564,0.260,0.260,0.023,0.020,0.436,0.549,0.674,0.438,0.500,0.429,0.362,0.689,0.944,bjeline01
Eric Bledsoe,PG,32,LAC,54,1361,0.421,14.2,0.652,0.231,0.194,0.107,0.120,0.348,0.479,0.611,0.462,0.440,0.286,0.313,0.301,0.902,bledser01
Keljin Blevins,SF,26,POR,31,349,0.306,18.4,0.351,0.207,0.063,0.027,0.054,0.649,0.333,0.391,0.286,0.000,0.333,0.292,0.615,0.857,blevike01
Bogdan Bogdanović,SG,29,ATL,63,1848,0.431,18.6,0.422,0.113,0.115,0.108,0.086,0.578,0.516,0.622,0.440,0.523,0.471,0.368,0.382,0.793,bogdabo01
Bojan Bogdanović,PF,32,UTA,69,2131,0.455,15.6,0.496,0.147,0.250,0.084,0.015,0.504,0.524,0.684,0.483,0.410,0.286,0.387,0.568,0.917,bogdabo02
Bol Bol,PF,22,DEN,14,81,0.556,10.6,0.852,0.296,0.185,0.296,0.074,0.148,0.609,0.875,0.800,0.375,0.000,0.250,1.000,1.000,bolbo01
Leandro Bolmaro,SF,21,MIN,35,241,0.315,13.7,0.667,0.352,0.111,0.074,0.130,0.333,0.333,0.474,0.167,0.500,0.000,0.278,0.583,0.800,bolmale01
Isaac Bonga,SF,22,TOR,15,69,0.231,11.0,0.692,0.385,0.231,0.000,0.077,0.308,0.222,0.200,0.333,,0.000,0.250,0.500,1.000,bongais01
Devin Booker,SG,25,PHO,68,2345,0.466,16.1,0.664,0.110,0.158,0.224,0.171,0.336,0.508,0.694,0.476,0.469,0.469,0.383,0.399,0.634,bookede01
Brandon Boston Jr.,SG,20,LAC,51,760,0.385,14.7,0.658,0.258,0.126,0.123,0.151,0.342,0.425,0.631,0.122,0.450,0.306,0.306,0.615,0.588,bostobr01
Chris Boucher,SF,29,TOR,80,1690,0.464,12.1,0.603,0.430,0.113,0.026,0.035,0.397,0.575,0.661,0.400,0.400,0.200,0.297,0.670,0.985,bouchch01
James Bouknight,SG,21,CHO,31,304,0.348,12.0,0.652,0.333,0.241,0.043,0.035,0.348,0.348,0.553,0.147,0.000,0.200,0.347,0.438,0.765,bouknja01
Avery Bradley,SG,31,LAL,62,1406,0.423,18.1,0.400,0.137,0.091,0.083,0.089,0.600,0.471,0.604,0.281,0.483,0.452,0.390,0.636,0.939,bradlav01
Tony Bradley,C,24,CHI,55,549,0.585,3.9,1.000,0.626,0.252,0.065,0.057,0.000,0.585,0.649,0.484,0.375,0.571,,0.750,,bradlto01
Ignas Brazdeikis,SF,23,ORL,42,536,0.431,14.0,0.537,0.293,0.202,0.027,0.016,0.463,0.535,0.636,0.421,0.200,0.667,0.310,0.574,0.926,brazdig01
Mikal Bridges,SF,25,PHO,82,2854,0.534,13.3,0.636,0.227,0.205,0.159,0.045,0.364,0.628,0.795,0.619,0.507,0.256,0.369,0.764,0.983,bridgmi01
Miles Bridges,PF,23,CHO,80,2837,0.491,12.4,0.617,0.357,0.212,0.020,0.029,0.383,0.590,0.723,0.412,0.458,0.343,0.331,0.597,0.825,bridgmi02
Oshae Brissett,SF,23,IND,67,1564,0.411,13.9,0.532,0.326,0.152,0.024,0.030,0.468,0.465,0.582,0.299,0.167,0.267,0.350,0.672,0.964,brissos01
Malcolm Brogdon,PG,29,IND,36,1206,0.448,13.2,0.657,0.285,0.192,0.103,0.077,0.343,0.518,0.632,0.452,0.411,0.405,0.312,0.249,0.586,brogdma01
Armoni Brooks,SG-PG,23,TOT,54,844,0.339,23.4,0.138,0.083,0.035,0.010,0.010,0.862,0.600,0.708,0.600,0.000,0.333,0.297,0.667,0.824,brookar01
Dillon Brooks,SF,26,MEM,32,885,0.432,13.3,0.717,0.196,0.249,0.186,0.086,0.283,0.480,0.680,0.389,0.398,0.467,0.309,0.470,0.826,brookdi01
Bruce Brown,SF,25,BRK,72,1774,0.506,8.4,0.814,0.393,0.302,0.103,0.016,0.186,0.529,0.693,0.379,0.404,0.125,0.404,0.743,0.974,brownbr01
Charlie Brown Jr.,SG,24,TOT,22,177,0.256,11.0,0.692,0.385,0.205,0.077,0.026,0.308,0.333,0.467,0.250,0.000,0.000,0.083,0.444,1.000,brownch02
Chaundee Brown Jr.,SG-SF,23,TOT,5,104,0.313,17.9,0.438,0.188,0.094,0.156,0.000,0.563,0.286,0.500,0.000,0.200,,0.333,0.500,1.000,brownch05
Greg Brown III,SF,20,POR,48,640,0.426,10.7,0.679,0.447,0.158,0.016,0.058,0.321,0.481,0.635,0.200,0.333,0.091,0.311,0.645,1.000,browngr01
Jaylen Brown,SF,25,BOS,66,2220,0.473,14.5,0.619,0.200,0.234,0.094,0.091,0.381,0.544,0.765,0.425,0.474,0.441,0.358,0.471,0.759,brownja02
Moses Brown,C,22,TOT,40,345,0.593,2.5,1.000,0.750,0.231,0.009,0.009,0.000,0.593,0.642,0.480,0.000,0.000,,0.813,,brownmo01
Sterling Brown,SG,26,DAL,49,628,0.381,17.1,0.406,0.206,0.116,0.039,0.045,0.594,0.492,0.625,0.278,0.333,0.571,0.304,0.774,0.857,brownst02
Troy Brown Jr.,SF,22,CHI,66,1055,0.419,15.0,0.484,0.283,0.132,0.027,0.043,0.516,0.488,0.562,0.412,0.143,0.455,0.353,0.672,0.957,browntr01
Jalen Brunson,SG,25,DAL,79,2524,0.502,13.1,0.750,0.147,0.288,0.189,0.126,0.250,0.545,0.703,0.524,0.518,0.449,0.373,0.262,0.809,brunsja01
Thomas Bryant,C,24,WAS,27,439,0.520,11.5,0.716,0.385,0.169,0.034,0.128,0.284,0.613,0.754,0.480,0.200,0.474,0.286,0.738,1.000,bryanth01
Shaq Buchanan,SG,25,MEM,2,10,0.250,13.6,0.500,0.500,0.000,0.000,0.000,0.500,0.500,0.500,,,,0.000,1.000,,buchash01
Reggie Bullock,SF,30,DAL,68,1902,0.401,20.9,0.218,0.096,0.048,0.032,0.042,0.782,0.550,0.688,0.292,0.688,0.429,0.360,0.767,0.986,bullore01
Trey Burke,PG,29,DAL,42,441,0.391,17.0,0.619,0.098,0.163,0.126,0.233,0.381,0.436,0.714,0.429,0.444,0.320,0.317,0.259,0.846,burketr01
Alec Burks,SG,30,NYK,81,2318,0.391,17.4,0.466,0.124,0.165,0.111,0.066,0.534,0.378,0.444,0.342,0.358,0.375,0.404,0.430,0.752,burksal01
Jared Butler,SG,21,UTA,42,360,0.404,18.4,0.417,0.066,0.232,0.066,0.053,0.583,0.524,0.600,0.429,0.600,0.750,0.318,0.182,0.500,butleja02
Jimmy Butler,SF,32,MIA,57,1931,0.480,9.6,0.860,0.306,0.291,0.195,0.068,0.140,0.520,0.701,0.415,0.457,0.339,0.233,0.377,0.778,butleji01
Devontae Cacok,PF,25,SAS,15,121,0.677,4.6,1.000,0.387,0.484,0.129,0.000,0.000,0.677,0.833,0.533,0.750,,,0.667,,cacokde01
Kentavious Caldwell-Pope,SG,28,WAS,77,2329,0.435,18.1,0.508,0.105,0.117,0.112,0.175,0.492,0.480,0.678,0.361,0.430,0.469,0.390,0.619,0.912,caldwke01
Facundo Campazzo,PG,30,DEN,65,1184,0.361,19.4,0.348,0.149,0.142,0.041,0.017,0.652,0.476,0.614,0.381,0.250,0.600,0.301,0.388,0.741,campafa01
Vlatko Čančar,PF,24,DEN,15,176,0.561,10.6,0.707,0.390,0.195,0.098,0.024,0.293,0.552,0.750,0.375,0.250,0.000,0.583,0.938,1.000,cancavl01
Devin Cannady,PG,25,ORL,5,145,0.341,22.5,0.159,0.045,0.045,0.045,0.023,0.841,0.000,0.000,0.000,0.000,0.000,0.405,,1.000,cannade01
Clint Capela,C,27,ATL,74,2042,0.613,2.2,0.998,0.765,0.225,0.007,0.002,0.002,0.614,0.684,0.382,0.500,0.000,0.000,0.765,,capelca01
Vernon Carey Jr.,C,20,TOT,7,44,0.538,8.2,1.000,0.615,0.000,0.077,0.308,0.000,0.538,0.750,,0.000,0.250,,0.286,,careyve01
Jevon Carter,PG,26,TOT,66,905,0.387,21.2,0.328,0.055,0.043,0.067,0.162,0.672,0.386,0.429,0.273,0.471,0.366,0.388,0.438,0.773,carteje01
Wendell Carter Jr.,PF,22,ORL,62,1852,0.525,12.1,0.687,0.327,0.202,0.101,0.057,0.313,0.615,0.781,0.457,0.478,0.462,0.327,0.609,1.000,cartewe01
Alex Caruso,SG,27,CHI,41,1147,0.398,15.4,0.508,0.258,0.145,0.043,0.063,0.492,0.462,0.591,0.324,0.364,0.313,0.333,0.567,0.929,carusal01
Willie Cauley-Stein,C,28,TOT,20,183,0.457,5.3,0.943,0.629,0.200,0.057,0.057,0.057,0.455,0.545,0.143,1.000,0.000,0.500,0.800,1.000,caulewi01
Ahmad Caver,SG,25,IND,1,1,1.000,1.8,1.000,1.000,0.000,0.000,0.000,0.000,1.000,1.000,,,,,1.000,,caverah01
Justin Champagnie,SF,20,TOR,36,281,0.463,11.7,0.582,0.358,0.209,0.015,0.000,0.418,0.538,0.625,0.429,0.000,,0.357,0.571,1.000,champju01
Zylan Cheatham,SF,26,UTA,1,5,0.000,17.2,0.333,0.333,0.000,0.000,0.000,0.667,0.000,0.000,,,,0.000,,,cheatzy01
Chris Chiozza,PG,26,GSW,34,372,0.296,19.4,0.346,0.111,0.136,0.049,0.049,0.654,0.250,0.222,0.273,0.000,0.500,0.321,0.143,0.765,chiozch01
Marquese Chriss,PF,24,DAL,34,346,0.463,7.8,0.813,0.530,0.254,0.015,0.015,0.187,0.495,0.592,0.265,1.000,0.500,0.320,0.833,1.000,chrisma01
Josh Christopher,SG,20,HOU,74,1334,0.448,13.3,0.622,0.300,0.188,0.114,0.020,0.378,0.540,0.647,0.532,0.333,0.200,0.296,0.423,0.768,chrisjo01
Gary Clark,PF,27,NOP,38,378,0.375,20.1,0.205,0.091,0.102,0.011,0.000,0.795,0.278,0.125,0.444,0.000,,0.400,0.800,0.964,clarkga01
Brandon Clarke,PF,25,MEM,64,1246,0.644,5.4,0.951,0.508,0.311,0.116,0.016,0.049,0.666,0.775,0.568,0.462,0.571,0.227,0.700,1.000,clarkbr01
Jordan Clarkson,SG,29,UTA,79,2141,0.419,16.9,0.464,0.099,0.272,0.075,0.018,0.536,0.535,0.627,0.515,0.554,0.250,0.318,0.221,0.674,clarkjo01
Nic Claxton,C,22,BRK,47,974,0.674,2.5,1.000,0.697,0.284,0.019,0.000,0.000,0.674,0.815,0.347,0.400,,,0.736,,claxtni01
Amir Coffey,SG,24,LAC,69,1567,0.453,16.8,0.455,0.165,0.167,0.077,0.045,0.545,0.542,0.779,0.449,0.417,0.238,0.378,0.591,0.938,coffeam01
John Collins,PF,24,ATL,54,1663,0.526,11.0,0.727,0.334,0.211,0.127,0.054,0.273,0.588,0.753,0.463,0.439,0.400,0.364,0.793,0.984,collijo01
Zach Collins,C,24,SAS,28,502,0.490,11.0,0.735,0.290,0.316,0.065,0.065,0.265,0.544,0.756,0.347,0.500,0.600,0.341,0.742,1.000,colliza01
Darren Collison,PG,34,LAL,3,37,0.286,16.1,0.571,0.286,0.000,0.000,0.286,0.429,0.500,1.000,,,0.000,0.000,1.000,,collida01
Mike Conley,PG,34,UTA,72,2058,0.435,17.1,0.477,0.075,0.268,0.109,0.025,0.523,0.464,0.559,0.453,0.442,0.400,0.408,0.257,0.521,conlemi01
Pat Connaughton,SF,29,MIL,65,1691,0.458,20.2,0.254,0.161,0.065,0.022,0.006,0.746,0.643,0.725,0.500,0.636,0.000,0.395,0.778,0.952,connapa01
Tyler Cook,PF,24,CHI,20,200,0.605,2.2,1.000,0.684,0.316,0.000,0.000,0.000,0.605,0.692,0.417,,,,0.783,,cookty01
Sharife Cooper,PG,20,ATL,13,39,0.214,11.6,0.571,0.500,0.071,0.000,0.000,0.429,0.250,0.143,1.000,,,0.167,0.500,0.000,coopesh01
Petr Cornelie,PF,26,DEN,13,38,0.333,15.9,0.467,0.333,0.067,0.000,0.067,0.533,0.571,0.600,1.000,,0.000,0.125,1.000,1.000,cornepe01
DeMarcus Cousins,C,31,TOT,48,718,0.460,12.1,0.623,0.361,0.225,0.015,0.022,0.377,0.554,0.650,0.452,0.200,0.286,0.303,0.598,1.000,couside01
Robert Covington,PF,31,TOT,71,1940,0.420,18.8,0.319,0.171,0.108,0.022,0.018,0.681,0.509,0.659,0.333,0.273,0.444,0.378,0.654,0.930,covinro01
Torrey Craig,SF,31,TOT,78,1596,0.454,16.0,0.469,0.231,0.141,0.057,0.041,0.531,0.594,0.725,0.532,0.400,0.333,0.329,0.585,0.961,craigto01
Jae Crowder,PF,31,PHO,67,1886,0.399,20.8,0.329,0.059,0.094,0.079,0.097,0.671,0.503,0.656,0.431,0.488,0.491,0.348,0.822,0.929,crowdja01
Jarrett Culver,SG,22,MEM,37,338,0.378,13.5,0.652,0.259,0.193,0.081,0.119,0.348,0.443,0.543,0.346,0.364,0.438,0.255,0.410,0.833,culveja01
Jarron Cumberland,SG,24,POR,3,12,0.500,15.8,0.500,0.500,0.000,0.000,0.000,0.500,1.000,1.000,,,,0.000,1.000,,cumbeja01
Cade Cunningham,SG,20,DET,64,2088,0.416,13.8,0.648,0.214,0.249,0.113,0.072,0.352,0.472,0.588,0.432,0.431,0.324,0.314,0.235,0.711,cunnica01
Seth Curry,SG,31,TOT,64,2135,0.487,19.4,0.494,0.053,0.100,0.133,0.208,0.506,0.553,0.692,0.568,0.510,0.539,0.422,0.465,0.829,curryse01
Stephen Curry,PG,33,GSW,64,2211,0.437,19.8,0.387,0.120,0.134,0.062,0.071,0.613,0.527,0.599,0.530,0.513,0.414,0.380,0.368,0.572,curryst01
Anthony Davis,C,28,LAL,40,1404,0.532,9.6,0.899,0.376,0.193,0.150,0.181,0.101,0.571,0.793,0.485,0.317,0.413,0.186,0.647,0.846,davisan02
Ed Davis,C,32,CLE,31,201,0.688,2.3,1.000,0.750,0.250,0.000,0.000,0.000,0.688,0.750,0.500,,,,0.727,,davised01
Terence Davis,SG,24,SAC,30,536,0.423,16.3,0.442,0.221,0.157,0.034,0.030,0.558,0.542,0.712,0.357,0.333,0.500,0.329,0.563,0.796,daviste02
Gabriel Deck,PF,26,OKC,7,56,0.571,11.9,0.714,0.357,0.071,0.214,0.071,0.286,0.600,0.600,1.000,0.667,0.000,0.500,0.667,1.000,deckga01
Dewayne Dedmon,C,32,MIA,67,1065,0.566,8.2,0.838,0.441,0.286,0.069,0.041,0.162,0.597,0.695,0.530,0.450,0.250,0.404,0.710,0.947,dedmode01
Sam Dekker,PF,27,TOR,1,1,,,,,,,,,,,,,,,,,dekkesa01
Javin DeLaurier,C,23,MIL,1,3,,,,,,,,,,,,,,,,,delauja01
DeMar DeRozan,PF,32,CHI,76,2743,0.504,13.0,0.907,0.164,0.158,0.297,0.288,0.093,0.520,0.671,0.494,0.511,0.457,0.352,0.217,0.900,derozde01
Mamadi Diakite,PF,25,OKC,13,188,0.532,6.8,0.894,0.426,0.340,0.106,0.021,0.106,0.595,0.600,0.688,0.400,0.000,0.000,0.840,,diakima01
Cheick Diallo,C,25,DET,3,31,0.375,3.1,1.000,0.375,0.625,0.000,0.000,0.000,0.375,0.667,0.200,,,,0.333,,diallch01
Hamidou Diallo,SG,23,DET,58,1269,0.496,9.5,0.823,0.333,0.300,0.122,0.068,0.177,0.550,0.691,0.500,0.391,0.361,0.247,0.517,0.913,diallha01
Gorgui Dieng,C,32,ATL,44,371,0.473,19.2,0.393,0.134,0.071,0.089,0.098,0.607,0.545,0.733,0.375,0.600,0.364,0.426,0.833,0.931,dienggo01
Spencer Dinwiddie,PG-SG,28,TOT,67,1980,0.416,15.6,0.551,0.176,0.237,0.088,0.050,0.449,0.479,0.643,0.402,0.446,0.324,0.339,0.201,0.536,dinwisp01
Donte DiVincenzo,SG,25,TOT,42,1006,0.351,18.6,0.351,0.155,0.137,0.027,0.033,0.649,0.373,0.538,0.239,0.444,0.091,0.339,0.477,0.824,divindo01
Luka Dončić,PG,22,DAL,65,2301,0.457,15.9,0.594,0.128,0.239,0.165,0.062,0.406,0.528,0.778,0.499,0.440,0.356,0.353,0.107,0.219,doncilu01
Luguentz Dort,SG,22,OKC,51,1665,0.404,16.4,0.461,0.197,0.204,0.029,0.032,0.539,0.487,0.615,0.419,0.238,0.348,0.332,0.491,0.877,dortlu01
Ayo Dosunmu,SG,22,CHI,77,2110,0.520,12.3,0.652,0.368,0.114,0.097,0.073,0.348,0.596,0.701,0.377,0.481,0.564,0.376,0.572,0.986,dosunay01
Damyean Dotson,SG,27,NYK,2,21,0.500,11.3,0.750,0.250,0.250,0.250,0.000,0.250,0.667,1.000,0.000,1.000,,0.000,0.500,,dotsoda01
Devon Dotson,PG,22,CHI,11,85,0.478,12.2,0.609,0.478,0.000,0.130,0.000,0.391,0.643,0.818,,0.000,,0.222,0.556,1.000,dotsode01
Sekou Doumbouya,PF,21,LAL,2,16,0.625,8.9,0.750,0.500,0.250,0.000,0.000,0.250,0.667,1.000,0.000,,,0.500,0.500,1.000,doumbse01
Jeff Dowtin,PG,24,TOT,9,108,0.308,14.8,0.654,0.115,0.231,0.192,0.115,0.346,0.412,0.667,0.333,0.200,0.667,0.111,0.143,1.000,dowtije01
PJ Dozier,SG,25,DEN,18,340,0.364,17.2,0.515,0.141,0.141,0.081,0.152,0.485,0.412,0.714,0.143,0.500,0.333,0.313,0.333,0.867,doziepj01
Goran Dragić,PG,35,TOT,21,498,0.377,15.2,0.583,0.192,0.172,0.166,0.053,0.417,0.466,0.621,0.538,0.280,0.250,0.254,0.195,0.875,dragigo01
Andre Drummond,C,28,TOT,73,1437,0.570,2.8,0.993,0.707,0.261,0.021,0.005,0.007,0.574,0.641,0.434,0.222,0.000,0.000,0.591,,drumman01
Chris Duarte,SG,24,IND,55,1541,0.432,15.5,0.589,0.203,0.135,0.148,0.103,0.411,0.475,0.627,0.369,0.380,0.453,0.369,0.477,0.787,duartch01
David Duke Jr.,PG,22,BRK,22,341,0.361,10.6,0.657,0.463,0.130,0.028,0.037,0.343,0.423,0.500,0.214,0.000,0.500,0.243,0.567,1.000,dukeda01
Kris Dunn,PG,27,POR,14,336,0.431,9.1,0.892,0.275,0.412,0.108,0.098,0.108,0.473,0.607,0.405,0.455,0.400,0.091,0.140,1.000,dunnkr01
Kevin Durant,PF,33,BRK,55,2047,0.518,15.1,0.731,0.109,0.143,0.319,0.161,0.269,0.568,0.744,0.516,0.528,0.575,0.383,0.499,0.557,duranke01
Jaime Echenique,C,24,WAS,1,3,,,,,,,,,,,,,,,,,echenja01
Anthony Edwards,SG,20,MIN,72,2466,0.441,15.2,0.516,0.282,0.129,0.055,0.051,0.484,0.519,0.658,0.356,0.338,0.359,0.357,0.365,0.553,edwaran01
Carsen Edwards,SG,23,DET,4,79,0.300,17.6,0.467,0.233,0.067,0.100,0.067,0.533,0.357,0.286,0.000,0.333,1.000,0.250,0.400,0.250,edwarca01
Kessler Edwards,SF,21,BRK,48,987,0.412,15.4,0.491,0.266,0.116,0.071,0.037,0.509,0.473,0.493,0.387,0.526,0.500,0.353,0.645,1.000,edwarke02
Rob Edwards,SG,25,OKC,2,11,0.250,24.3,0.000,0.000,0.000,0.000,0.000,1.000,,,,,,0.250,,0.000,edwarro01
CJ Elleby,SF,21,POR,58,1174,0.393,13.4,0.591,0.312,0.169,0.075,0.036,0.409,0.462,0.615,0.231,0.478,0.182,0.294,0.631,0.973,ellebcj01
Wayne Ellington,SG,34,LAL,43,810,0.414,23.4,0.110,0.042,0.025,0.030,0.013,0.890,0.615,0.800,0.667,0.429,0.333,0.389,0.875,0.951,ellinwa01
Joel Embiid,C,27,PHI,68,2297,0.499,11.9,0.812,0.253,0.194,0.240,0.124,0.188,0.529,0.763,0.409,0.431,0.428,0.371,0.513,0.710,embiijo01
James Ennis III,SF,31,TOT,7,56,0.458,10.6,0.667,0.542,0.083,0.000,0.042,0.333,0.500,0.538,0.500,,0.000,0.375,0.750,1.000,ennisja01
Drew Eubanks,C,24,TOT,71,1245,0.596,6.2,0.938,0.442,0.364,0.094,0.038,0.062,0.621,0.683,0.563,0.657,0.357,0.217,0.759,1.000,eubandr01
Tacko Fall,C,26,CLE,11,59,0.417,3.2,1.000,0.667,0.333,0.000,0.000,0.000,0.417,0.625,0.000,,,,0.600,,fallta01
Derrick Favors,C,30,OKC,39,653,0.516,9.7,0.912,0.341,0.165,0.231,0.176,0.088,0.554,0.694,0.433,0.548,0.406,0.125,0.837,1.000,favorde01
Bruno Fernando,C,23,TOT,30,152,0.655,4.0,0.964,0.618,0.291,0.036,0.018,0.036,0.660,0.676,0.625,0.500,1.000,0.500,0.714,1.000,fernabr01
Dorian Finney-Smith,PF,28,DAL,80,2644,0.471,17.0,0.371,0.233,0.098,0.025,0.016,0.629,0.599,0.752,0.324,0.471,0.273,0.395,0.766,0.983,finnedo01
Malik Fitts,PF,24,TOT,15,63,0.421,16.7,0.474,0.211,0.158,0.053,0.053,0.526,0.333,0.750,0.000,0.000,0.000,0.500,1.000,1.000,fittsma01
Malachi Flynn,PG,23,TOR,44,537,0.393,18.2,0.508,0.120,0.153,0.077,0.158,0.492,0.452,0.545,0.464,0.571,0.310,0.333,0.214,0.800,flynnma01
Bryn Forbes,SG,28,TOT,75,1286,0.429,19.5,0.453,0.043,0.137,0.109,0.163,0.547,0.447,0.609,0.432,0.525,0.364,0.414,0.697,0.959,forbebr01
Aleem Ford,SF,24,ORL,5,74,0.300,19.5,0.250,0.150,0.100,0.000,0.000,0.750,0.800,1.000,0.500,,,0.133,0.750,1.000,fordal03
Trent Forrest,PG,23,UTA,60,765,0.490,8.8,0.826,0.316,0.439,0.058,0.013,0.174,0.555,0.592,0.529,0.556,0.500,0.185,0.225,1.000,forretr01
Evan Fournier,SG,29,NYK,80,2358,0.417,19.6,0.359,0.081,0.122,0.079,0.077,0.641,0.465,0.603,0.390,0.474,0.432,0.389,0.478,0.880,fournev01
De'Aaron Fox,PG,24,SAC,59,2083,0.473,12.4,0.772,0.199,0.267,0.189,0.117,0.228,0.524,0.714,0.466,0.451,0.453,0.297,0.215,0.554,foxde01
Melvin Frazier,SG,25,OKC,3,120,0.271,12.4,0.563,0.250,0.313,0.000,0.000,0.438,0.444,0.667,0.267,,,0.048,0.750,1.000,frazime01
Tim Frazier,PG,31,TOT,12,208,0.311,17.4,0.622,0.067,0.178,0.133,0.244,0.378,0.286,1.000,0.250,0.167,0.182,0.353,0.375,0.833,fraziti01
Enes Freedom,C,29,BOS,35,411,0.526,4.4,0.948,0.557,0.330,0.041,0.021,0.052,0.533,0.537,0.500,0.500,1.000,0.400,0.388,1.000,kanteen01
Markelle Fultz,PG,23,ORL,18,360,0.474,11.1,0.903,0.229,0.309,0.211,0.154,0.097,0.500,0.775,0.389,0.459,0.370,0.235,0.177,0.500,fultzma01
Wenyen Gabriel,PF,24,TOT,26,358,0.491,8.5,0.745,0.473,0.245,0.018,0.009,0.255,0.561,0.692,0.370,0.000,0.000,0.286,0.543,1.000,gabriwe01
Daniel Gafford,C,23,WAS,72,1444,0.693,2.9,0.998,0.657,0.304,0.022,0.012,0.002,0.695,0.837,0.448,0.333,0.000,0.000,0.737,,gaffoda01
Danilo Gallinari,PF,33,ATL,66,1672,0.434,18.4,0.508,0.119,0.089,0.151,0.149,0.492,0.485,0.718,0.377,0.467,0.382,0.381,0.469,0.920,gallida01
Langston Galloway,SG,30,TOT,7,107,0.231,19.4,0.385,0.115,0.038,0.115,0.115,0.615,0.400,0.333,0.000,0.667,0.333,0.125,0.500,0.500,gallola01
Darius Garland,PG,22,CLE,68,2430,0.462,15.5,0.613,0.195,0.183,0.137,0.097,0.387,0.512,0.607,0.451,0.497,0.456,0.383,0.261,0.489,garlada01
Marcus Garrett,SG,23,MIA,12,128,0.238,9.3,0.810,0.476,0.143,0.095,0.095,0.190,0.235,0.200,0.333,0.000,0.500,0.250,0.500,1.000,garrema01
Usman Garuba,PF,19,HOU,24,239,0.432,12.6,0.545,0.500,0.023,0.023,0.000,0.455,0.583,0.636,0.000,0.000,,0.250,0.571,1.000,garubus01
Luka Garza,C,23,DET,32,389,0.449,12.7,0.667,0.293,0.218,0.068,0.088,0.333,0.510,0.674,0.500,0.200,0.231,0.327,0.520,1.000,garzalu01
Rudy Gay,PF,35,UTA,55,1038,0.414,17.4,0.464,0.142,0.150,0.111,0.061,0.536,0.494,0.778,0.333,0.405,0.391,0.345,0.506,0.929,gayru01
Paul George,PF,31,LAC,31,1077,0.421,16.6,0.596,0.146,0.123,0.160,0.167,0.404,0.467,0.667,0.346,0.451,0.396,0.354,0.220,0.484,georgpa01
Taj Gibson,C,36,NYK,52,946,0.518,9.9,0.771,0.398,0.181,0.102,0.090,0.229,0.555,0.667,0.433,0.529,0.333,0.395,0.676,1.000,gibsota01
Josh Giddey,SF,19,OKC,54,1700,0.419,12.7,0.682,0.196,0.336,0.097,0.054,0.318,0.492,0.649,0.444,0.431,0.333,0.263,0.302,0.821,giddejo01
Shai Gilgeous-Alexander,PG,23,OKC,56,1942,0.453,12.1,0.718,0.220,0.320,0.131,0.047,0.282,0.514,0.662,0.445,0.442,0.490,0.300,0.137,0.303,gilgesh01
Anthony Gill,PF,29,WAS,44,463,0.569,9.2,0.761,0.294,0.450,0.018,0.000,0.239,0.578,0.625,0.551,0.500,,0.538,0.771,1.000,gillan01
Freddie Gillespie,PF,24,ORL,9,119,0.409,6.5,0.955,0.273,0.545,0.136,0.000,0.045,0.429,0.333,0.417,0.667,,0.000,0.778,,gillefr01
Rudy Gobert,C,29,UTA,66,2120,0.713,2.7,0.992,0.738,0.244,0.008,0.002,0.008,0.718,0.803,0.468,0.750,0.000,0.000,0.724,,goberru01
Brandon Goodwin,PG,26,CLE,36,502,0.416,13.9,0.643,0.266,0.201,0.117,0.058,0.357,0.455,0.634,0.355,0.333,0.222,0.345,0.244,0.632,goodwbr01
Jordan Goodwin,SG,23,WAS,2,6,0.000,16.6,0.667,0.333,0.000,0.000,0.333,0.333,0.000,0.000,,,0.000,0.000,,,goodwjo01
Aaron Gordon,PF,26,DEN,75,2376,0.520,11.5,0.688,0.381,0.169,0.084,0.054,0.312,0.605,0.796,0.369,0.329,0.422,0.335,0.628,0.851,gordoaa01
Eric Gordon,SG,33,HOU,57,1669,0.475,16.2,0.466,0.238,0.200,0.021,0.007,0.534,0.548,0.679,0.416,0.333,0.500,0.412,0.340,0.718,gordoer01
Devonte' Graham,PG,26,NOP,76,2162,0.363,21.2,0.309,0.082,0.070,0.055,0.102,0.691,0.413,0.627,0.298,0.400,0.325,0.341,0.308,0.755,grahade01
Jerami Grant,PF,27,DET,47,1500,0.426,15.2,0.637,0.202,0.149,0.106,0.180,0.363,0.465,0.631,0.442,0.243,0.429,0.358,0.498,0.967,grantje01
Hassani Gravett,PG,25,ORL,8,171,0.474,20.9,0.316,0.079,0.105,0.079,0.053,0.684,0.583,0.333,0.500,1.000,0.500,0.423,0.429,0.727,graveha01
Danny Green,SF,34,PHI,62,1353,0.394,21.8,0.153,0.069,0.047,0.019,0.019,0.847,0.469,0.682,0.200,0.500,0.333,0.380,0.870,0.922,greenda02
Draymond Green,PF,31,GSW,46,1329,0.525,9.8,0.790,0.315,0.377,0.058,0.039,0.210,0.586,0.716,0.557,0.267,0.300,0.296,0.714,1.000,greendr01
Jalen Green,SG,19,HOU,67,2138,0.426,15.7,0.520,0.271,0.129,0.031,0.088,0.480,0.502,0.680,0.252,0.333,0.381,0.343,0.438,0.662,greenja05
JaMychal Green,PF,31,DEN,67,1085,0.486,12.1,0.621,0.391,0.156,0.034,0.040,0.379,0.621,0.734,0.392,0.273,0.692,0.266,0.690,1.000,greenja01
Javonte Green,SF,28,CHI,65,1519,0.542,9.1,0.689,0.535,0.123,0.031,0.000,0.311,0.625,0.695,0.425,0.200,,0.356,0.679,1.000,greenja02
Jeff Green,PF,35,DEN,75,1849,0.524,11.3,0.682,0.342,0.233,0.078,0.030,0.318,0.620,0.790,0.496,0.415,0.188,0.315,0.821,0.981,greenje02
Josh Green,SG,21,DAL,67,1039,0.508,11.1,0.695,0.328,0.227,0.098,0.043,0.305,0.573,0.786,0.397,0.400,0.273,0.359,0.784,1.000,greenjo02
Blake Griffin,C,32,BRK,56,958,0.425,13.5,0.537,0.339,0.150,0.035,0.013,0.463,0.565,0.613,0.532,0.273,0.500,0.262,0.621,0.947,griffbl01
Quentin Grimes,SG,21,NYK,46,786,0.404,22.1,0.196,0.089,0.017,0.021,0.068,0.804,0.500,0.714,0.000,0.200,0.438,0.381,0.609,0.958,grimequ01
Kyle Guy,SG,24,MIA,19,186,0.400,18.7,0.385,0.108,0.169,0.031,0.077,0.615,0.480,0.857,0.091,0.500,0.800,0.350,0.500,0.786,guyky01
Rui Hachimura,PF,23,WAS,42,943,0.491,14.7,0.677,0.197,0.150,0.160,0.171,0.323,0.512,0.840,0.404,0.393,0.338,0.447,0.606,0.982,hachiru01
Tyrese Haliburton,SG-PG,21,TOT,77,2695,0.473,16.7,0.572,0.130,0.183,0.158,0.101,0.428,0.517,0.712,0.410,0.521,0.457,0.414,0.279,0.584,halibty01
Tyler Hall,SG,24,NYK,1,2,,,,,,,,,,,,,,,,,hallty01
R.J. Hampton,SG,20,ORL,64,1402,0.383,13.7,0.600,0.217,0.304,0.044,0.035,0.400,0.405,0.525,0.360,0.200,0.313,0.350,0.333,0.906,hamptrj01
Tim Hardaway Jr.,SG,29,DAL,42,1245,0.394,19.6,0.426,0.094,0.092,0.098,0.142,0.574,0.473,0.680,0.429,0.404,0.413,0.336,0.664,0.804,hardati02
James Harden,PG,32,TOT,65,2419,0.410,14.6,0.548,0.231,0.232,0.061,0.024,0.452,0.476,0.598,0.370,0.426,0.458,0.330,0.189,0.257,hardeja01
Maurice Harkless,SF,28,SAC,47,863,0.459,15.0,0.442,0.265,0.155,0.006,0.017,0.558,0.650,0.688,0.643,0.000,0.333,0.307,0.788,1.000,harklma01
Jared Harper,PG,24,NOP,5,43,0.538,16.8,0.538,0.192,0.115,0.077,0.154,0.462,0.643,0.400,1.000,0.500,0.750,0.417,0.333,0.600,harpeja01
Montrezl Harrell,C,28,TOT,71,1641,0.645,4.8,0.969,0.582,0.274,0.079,0.034,0.031,0.658,0.771,0.533,0.409,0.316,0.235,0.653,1.000,harremo01
Gary Harris,SG,27,ORL,61,1730,0.434,17.2,0.454,0.145,0.152,0.051,0.107,0.546,0.494,0.675,0.464,0.429,0.322,0.384,0.589,0.931,harriga01
Joe Harris,SF,30,BRK,14,423,0.452,19.6,0.290,0.113,0.105,0.048,0.024,0.710,0.417,0.429,0.385,0.500,0.333,0.466,0.867,1.000,harrijo01
Tobias Harris,PF,29,PHI,73,2543,0.482,11.7,0.731,0.250,0.282,0.156,0.043,0.269,0.525,0.699,0.444,0.428,0.386,0.367,0.444,0.891,harrito02
Shaquille Harrison,SG,28,BRK,2,23,0.333,9.5,0.667,0.500,0.167,0.000,0.000,0.333,0.500,0.667,0.000,,,0.000,0.500,,harrish01
Josh Hart,SG,26,TOT,54,1791,0.504,12.4,0.626,0.399,0.134,0.060,0.033,0.374,0.601,0.705,0.434,0.382,0.421,0.343,0.472,0.740,hartjo01
Isaiah Hartenstein,C,23,LAC,68,1216,0.626,5.9,0.918,0.456,0.369,0.093,0.000,0.082,0.640,0.754,0.519,0.559,,0.467,0.749,0.857,harteis01
Udonis Haslem,C,41,MIA,13,83,0.452,9.4,0.871,0.419,0.161,0.194,0.097,0.129,0.481,0.692,0.000,0.500,0.333,0.250,0.769,1.000,hasleud01
Sam Hauser,SF,24,BOS,26,158,0.460,22.7,0.120,0.100,0.020,0.000,0.000,0.880,0.667,0.800,0.000,,,0.432,0.750,1.000,hausesa01
Jaxson Hayes,C,21,NOP,70,1398,0.616,6.6,0.857,0.540,0.259,0.040,0.018,0.143,0.660,0.777,0.485,0.375,0.286,0.351,0.760,0.950,hayesja02
Killian Hayes,PG,20,DET,66,1647,0.383,14.3,0.636,0.163,0.253,0.135,0.085,0.364,0.452,0.747,0.345,0.387,0.308,0.263,0.341,0.909,hayeski01
Gordon Hayward,SF,31,CHO,49,1564,0.459,14.4,0.643,0.214,0.173,0.157,0.099,0.357,0.496,0.682,0.327,0.381,0.574,0.391,0.579,0.872,haywago01
Aaron Henry,SF,22,PHI,6,17,0.200,12.0,0.800,0.200,0.200,0.400,0.000,0.200,0.250,1.000,0.000,0.000,,0.000,1.000,,henryaa01
Juancho Hernangómez,PF,26,TOT,40,445,0.415,17.2,0.349,0.217,0.123,0.009,0.000,0.651,0.541,0.696,0.308,0.000,,0.348,0.800,1.000,hernaju01
Willy Hernangómez,C,27,NOP,50,839,0.520,4.2,0.963,0.563,0.352,0.043,0.006,0.037,0.527,0.630,0.391,0.357,0.000,0.333,0.687,1.000,hernawi01
Tyler Herro,SG,22,MIA,66,2151,0.447,16.0,0.609,0.137,0.193,0.156,0.123,0.391,0.477,0.688,0.407,0.446,0.391,0.399,0.334,0.709,herroty01
Buddy Hield,SG,29,TOT,81,2499,0.406,19.7,0.348,0.132,0.083,0.069,0.064,0.652,0.482,0.593,0.385,0.421,0.443,0.366,0.440,0.847,hieldbu01
Haywood Highsmith,SF,25,MIA,19,163,0.348,16.7,0.391,0.217,0.130,0.000,0.043,0.609,0.389,0.300,0.500,,0.500,0.321,0.857,1.000,highsha01
George Hill,PG,35,MIL,54,1253,0.429,15.4,0.513,0.265,0.138,0.062,0.047,0.487,0.546,0.740,0.316,0.294,0.462,0.306,0.442,0.927,hillge01
Malcolm Hill,SF-SG,26,TOT,19,212,0.462,19.5,0.308,0.115,0.115,0.019,0.058,0.692,0.688,0.667,0.667,0.000,1.000,0.361,0.636,0.846,hillma01
Solomon Hill,SF,30,ATL,13,139,0.150,17.9,0.350,0.250,0.100,0.000,0.000,0.650,0.143,0.200,0.000,,,0.154,1.000,1.000,hillso01
Nate Hinton,SG,22,IND,2,2,0.000,8.1,1.000,0.000,1.000,0.000,0.000,0.000,0.000,,0.000,,,,,,hintona01
Jaylen Hoard,SF,22,OKC,7,240,0.489,10.0,0.722,0.322,0.344,0.033,0.022,0.278,0.538,0.724,0.387,0.333,0.500,0.360,0.429,0.889,hoardja01
Aaron Holiday,PG,25,TOT,63,1021,0.447,13.1,0.695,0.175,0.299,0.166,0.056,0.305,0.477,0.610,0.475,0.411,0.263,0.379,0.348,0.718,holidaa01
Jrue Holiday,PG,31,MIL,67,2207,0.501,13.6,0.664,0.222,0.246,0.124,0.071,0.336,0.547,0.651,0.464,0.542,0.515,0.411,0.197,0.432,holidjr01
Justin Holiday,SF-SG,32,TOT,74,2057,0.394,20.7,0.272,0.104,0.048,0.044,0.076,0.728,0.467,0.594,0.344,0.483,0.360,0.367,0.786,0.960,holidju01
Richaun Holmes,C,28,SAC,45,1074,0.660,5.5,0.983,0.500,0.273,0.200,0.010,0.017,0.664,0.767,0.549,0.567,0.667,0.400,0.750,1.000,holmeri01
Rodney Hood,PF-SF,29,TOT,52,709,0.369,19.6,0.420,0.089,0.096,0.102,0.134,0.580,0.424,0.857,0.267,0.438,0.238,0.330,0.536,0.833,hoodro01
Scotty Hopson,SG,32,OKC,1,18,0.500,17.3,0.750,0.000,0.250,0.000,0.500,0.250,0.667,,0.000,,1.000,0.000,0.500,,hopsosc01
Al Horford,C,35,BOS,69,2005,0.467,15.3,0.534,0.170,0.243,0.069,0.053,0.466,0.582,0.784,0.507,0.538,0.333,0.336,0.678,0.978,horfoal01
Talen Horton-Tucker,SG,21,LAL,60,1511,0.416,12.8,0.662,0.297,0.204,0.100,0.059,0.338,0.492,0.613,0.409,0.389,0.344,0.269,0.406,0.796,hortota01
Danuel House Jr.,SF,28,TOT,42,727,0.404,16.9,0.409,0.207,0.116,0.045,0.040,0.591,0.444,0.634,0.174,0.333,0.375,0.376,0.750,0.932,houseda01
Dwight Howard,C,36,LAL,60,971,0.612,4.5,0.932,0.630,0.251,0.037,0.014,0.068,0.618,0.732,0.418,0.250,0.000,0.533,0.675,0.875,howardw01
Markus Howard,SG,22,DEN,31,176,0.386,20.2,0.307,0.089,0.119,0.040,0.059,0.693,0.355,0.333,0.417,0.250,0.333,0.400,0.545,0.821,howarma02
Kevin Huerter,SF,23,ATL,74,2188,0.454,18.0,0.459,0.109,0.136,0.136,0.079,0.541,0.530,0.663,0.485,0.505,0.467,0.389,0.519,0.900,huertke01
Jay Huff,C,23,LAL,4,20,0.000,19.9,0.333,0.000,0.333,0.000,0.000,0.667,0.000,,0.000,,,0.000,,,huffja01
Elijah Hughes,SG-SF,23,TOT,36,434,0.326,20.1,0.340,0.090,0.090,0.125,0.035,0.660,0.449,0.692,0.615,0.278,0.000,0.263,0.500,0.840,hugheel01
Feron Hunt,SF,22,NYK,2,8,0.000,1.5,1.000,1.000,0.000,0.000,0.000,0.000,0.000,0.000,,,,,,,huntfe01
De'Andre Hunter,SF,24,ATL,53,1577,0.442,13.9,0.661,0.219,0.179,0.153,0.110,0.339,0.474,0.651,0.398,0.409,0.333,0.379,0.661,0.932,huntede01
Chandler Hutchison,SF,25,PHO,6,22,0.500,5.0,1.000,0.500,0.500,0.000,0.000,0.000,0.500,0.000,1.000,,,,1.000,,hutchch01
Bones Hyland,SG,21,DEN,69,1310,0.403,19.4,0.373,0.123,0.130,0.072,0.049,0.627,0.465,0.700,0.284,0.341,0.536,0.366,0.364,0.687,hylanbo01
Serge Ibaka,C,32,TOT,54,877,0.500,13.8,0.666,0.193,0.274,0.105,0.095,0.334,0.563,0.789,0.506,0.516,0.321,0.374,0.703,1.000,ibakase01
Andre Iguodala,SF,38,GSW,31,603,0.380,18.1,0.388,0.207,0.116,0.025,0.041,0.612,0.617,0.760,0.571,0.000,0.400,0.230,0.621,0.941,iguodan01
Joe Ingles,SF,34,UTA,45,1122,0.404,21.3,0.211,0.039,0.147,0.014,0.011,0.789,0.617,0.818,0.619,0.250,0.333,0.347,0.595,0.756,inglejo01
Brandon Ingram,SF,24,NOP,55,1869,0.461,14.6,0.770,0.140,0.152,0.249,0.229,0.230,0.501,0.681,0.436,0.506,0.427,0.327,0.401,0.892,ingrabr01
Kyrie Irving,PG,29,BRK,29,1091,0.469,16.5,0.612,0.093,0.188,0.203,0.128,0.388,0.501,0.702,0.543,0.432,0.405,0.418,0.233,0.590,irvinky01
Wes Iwundu,SF,27,ATL,3,82,0.444,12.3,0.722,0.278,0.167,0.111,0.167,0.278,0.385,0.400,0.333,0.000,0.667,0.600,0.600,0.667,iwundwe01
Frank Jackson,PG,23,DET,53,1164,0.402,17.4,0.422,0.166,0.159,0.068,0.029,0.578,0.529,0.725,0.338,0.515,0.500,0.308,0.676,0.942,jacksfr01
Isaiah Jackson,C,20,IND,36,541,0.563,5.0,0.922,0.621,0.218,0.053,0.029,0.078,0.584,0.680,0.444,0.182,0.333,0.313,0.757,1.000,jacksis01
Jaren Jackson Jr.,PF,22,MEM,78,2126,0.415,13.1,0.613,0.218,0.335,0.055,0.005,0.387,0.476,0.615,0.395,0.421,0.400,0.319,0.563,0.984,jacksja02
Josh Jackson,SF,24,TOT,51,830,0.400,14.9,0.567,0.243,0.170,0.060,0.093,0.433,0.512,0.712,0.392,0.389,0.286,0.254,0.517,0.879,jacksjo02
Justin Jackson,SF,26,TOT,7,37,0.333,19.9,0.400,0.000,0.200,0.067,0.133,0.600,0.333,,0.667,0.000,0.000,0.333,1.000,1.000,jacksju01
Reggie Jackson,SG,31,LAC,75,2337,0.392,16.3,0.581,0.145,0.190,0.106,0.140,0.419,0.439,0.627,0.444,0.354,0.304,0.326,0.205,0.587,jacksre01
LeBron James,PF,37,LAL,56,2084,0.524,13.8,0.633,0.325,0.141,0.073,0.094,0.367,0.620,0.796,0.465,0.382,0.426,0.359,0.407,0.559,jamesle01
DeJon Jarreau,SG,24,IND,1,1,,,,,,,,,,,,,,,,,jarrede01
DaQuan Jeffries,SG,24,MEM,3,9,0.500,12.1,0.500,0.500,0.000,0.000,0.000,0.500,1.000,1.000,,,,0.000,1.000,,jeffrda01
Ty Jerome,SG,24,OKC,48,801,0.378,18.3,0.433,0.070,0.235,0.113,0.015,0.567,0.493,0.478,0.481,0.568,0.200,0.290,0.300,0.796,jeromty01
Isaiah Joe,SG,22,PHI,55,609,0.350,22.2,0.237,0.079,0.034,0.045,0.079,0.763,0.405,0.643,0.333,0.375,0.214,0.333,0.647,1.000,joeis01
Alize Johnson,PF,25,TOT,23,167,0.436,6.2,0.897,0.564,0.282,0.051,0.000,0.103,0.486,0.500,0.455,0.500,,0.000,0.529,,johnsal02
B.J. Johnson,SF,26,ORL,4,65,0.440,16.9,0.600,0.200,0.080,0.120,0.200,0.400,0.467,0.400,0.000,0.667,0.600,0.400,0.714,1.000,johnsbj01
Cameron Johnson,PF,25,PHO,66,1730,0.460,18.6,0.356,0.127,0.147,0.041,0.041,0.644,0.523,0.766,0.483,0.240,0.200,0.425,0.673,0.976,johnsca02
David Johnson,SG,20,TOR,2,2,0.000,26.1,0.000,0.000,0.000,0.000,0.000,1.000,,,,,,0.000,,,johnsda08
Jalen Johnson,PF,20,ATL,22,120,0.537,10.8,0.683,0.488,0.073,0.073,0.049,0.317,0.679,0.950,0.000,0.000,0.000,0.231,0.789,1.000,johnsja05
James Johnson,PF,34,BRK,62,1191,0.469,9.4,0.723,0.476,0.192,0.033,0.023,0.277,0.545,0.651,0.390,0.200,0.143,0.271,0.512,0.913,johnsja01
Joe Johnson,SG,40,BOS,1,2,1.000,18.1,1.000,0.000,0.000,0.000,1.000,0.000,1.000,,,,1.000,,0.000,,johnsjo02
Keldon Johnson,SF,22,SAS,75,2392,0.466,13.4,0.605,0.218,0.295,0.064,0.029,0.395,0.510,0.645,0.450,0.369,0.414,0.398,0.644,0.969,johnske04
Keon Johnson,SG,19,TOT,37,697,0.353,13.3,0.632,0.276,0.188,0.103,0.066,0.368,0.360,0.507,0.353,0.214,0.000,0.340,0.484,0.559,johnske07
Stanley Johnson,PF,25,LAL,48,1094,0.466,13.7,0.582,0.243,0.215,0.088,0.036,0.418,0.575,0.738,0.370,0.682,0.444,0.314,0.548,0.939,johnsst04
Tyler Johnson,PG,29,TOT,6,91,0.300,22.2,0.350,0.000,0.000,0.150,0.200,0.650,0.143,,,0.000,0.250,0.385,1.000,1.000,johnsty01
Nikola Jokić,C,26,DEN,74,2476,0.583,10.2,0.780,0.268,0.384,0.082,0.046,0.220,0.652,0.776,0.606,0.565,0.467,0.337,0.580,0.918,jokicni01
Carlik Jones,PG,24,TOT,5,23,0.111,10.1,0.889,0.333,0.111,0.333,0.111,0.111,0.125,0.333,0.000,0.000,0.000,0.000,0.000,,jonesca03
Damian Jones,C,26,SAC,56,1017,0.658,7.4,0.891,0.489,0.241,0.060,0.102,0.109,0.696,0.877,0.469,0.438,0.519,0.345,0.794,0.900,jonesda03
Derrick Jones Jr.,PF,24,CHI,51,899,0.538,8.9,0.687,0.549,0.128,0.005,0.005,0.313,0.634,0.701,0.320,1.000,1.000,0.328,0.706,1.000,jonesde02
Herbert Jones,PF,23,NOP,78,2335,0.476,10.7,0.707,0.413,0.205,0.016,0.073,0.293,0.533,0.685,0.288,0.444,0.381,0.337,0.631,1.000,joneshe01
Jemerrio Jones,SF,26,LAL,2,15,0.667,2.7,1.000,0.667,0.333,0.000,0.000,0.000,0.667,1.000,0.000,,,,0.500,,jonesje01
Kai Jones,C,21,CHO,21,63,0.643,7.7,0.857,0.500,0.214,0.071,0.071,0.143,0.667,1.000,0.333,0.000,0.000,0.500,0.875,1.000,joneska01
Mason Jones,SG,23,LAL,4,51,0.467,10.5,0.733,0.267,0.400,0.067,0.000,0.267,0.545,0.750,0.500,0.000,,0.250,0.667,0.000,jonesma05
Tre Jones,PG,22,SAS,69,1148,0.490,9.7,0.850,0.307,0.307,0.201,0.035,0.150,0.542,0.615,0.500,0.485,0.583,0.196,0.455,0.800,jonestr01
Tyus Jones,PG,25,MEM,73,1549,0.451,15.2,0.629,0.100,0.241,0.243,0.045,0.371,0.487,0.600,0.496,0.455,0.360,0.390,0.367,0.838,jonesty01
DeAndre Jordan,C,33,TOT,48,622,0.643,1.7,1.000,0.818,0.168,0.007,0.007,0.000,0.643,0.701,0.417,0.000,0.000,,0.793,,jordade01
Cory Joseph,PG,30,DET,65,1600,0.445,14.7,0.608,0.220,0.210,0.065,0.113,0.393,0.465,0.614,0.429,0.346,0.311,0.414,0.416,0.862,josepco01
Georgios Kalaitzakis,SF,23,TOT,13,214,0.463,13.8,0.612,0.269,0.179,0.090,0.075,0.388,0.512,0.667,0.583,0.333,0.000,0.385,0.524,0.800,kalaige01
Frank Kaminsky,C,28,PHO,9,181,0.545,9.2,0.773,0.303,0.394,0.061,0.015,0.227,0.608,0.650,0.577,0.750,0.000,0.333,0.710,1.000,kaminfr01
Luke Kennard,SG,25,LAC,70,1919,0.449,20.8,0.338,0.050,0.086,0.121,0.081,0.662,0.449,0.625,0.455,0.416,0.385,0.449,0.660,0.916,kennalu01
Braxton Key,SF,24,TOT,11,197,0.458,11.0,0.708,0.292,0.292,0.069,0.056,0.292,0.529,0.762,0.476,0.200,0.000,0.286,0.741,0.833,keybr01
George King,SF,28,DAL,4,19,0.000,19.6,0.200,0.000,0.200,0.000,0.000,0.800,0.000,,0.000,,,0.000,,,kingge03
Louis King,SF,22,SAC,10,104,0.319,20.1,0.426,0.021,0.128,0.085,0.191,0.574,0.350,1.000,0.333,0.250,0.333,0.296,0.429,0.750,kinglo02
Corey Kispert,SF,22,WAS,77,1801,0.455,18.1,0.377,0.167,0.132,0.045,0.033,0.623,0.629,0.791,0.515,0.565,0.353,0.350,0.803,0.982,kispeco01
Maxi Kleber,PF,30,DAL,59,1450,0.398,19.9,0.280,0.164,0.051,0.040,0.025,0.720,0.586,0.845,0.278,0.214,0.111,0.325,0.845,0.988,klebima01
Brandon Knight,PG,30,DAL,5,65,0.400,19.4,0.320,0.280,0.040,0.000,0.000,0.680,0.750,0.857,0.000,,,0.235,0.667,0.750,knighbr03
Nathan Knight,PF,24,MIN,37,267,0.511,5.7,0.852,0.591,0.250,0.011,0.000,0.148,0.547,0.673,0.273,0.000,,0.308,0.707,1.000,knighna01
Kevin Knox,SF,22,TOT,30,222,0.365,18.5,0.365,0.153,0.106,0.059,0.047,0.635,0.516,0.769,0.556,0.000,0.250,0.278,0.750,1.000,knoxke01
John Konchar,SG,25,MEM,72,1292,0.515,14.3,0.519,0.332,0.092,0.053,0.042,0.481,0.610,0.736,0.458,0.429,0.182,0.413,0.614,0.923,konchjo01
Furkan Korkmaz,SG,24,PHI,67,1414,0.387,17.4,0.434,0.187,0.149,0.047,0.051,0.566,0.515,0.739,0.314,0.500,0.292,0.289,0.524,0.870,korkmfu01
Luke Kornet,C,26,TOT,15,103,0.481,7.2,0.815,0.519,0.222,0.074,0.000,0.185,0.591,0.643,0.667,0.000,,0.000,0.692,,kornelu01
Vit Krejci,SG,21,OKC,30,690,0.407,17.5,0.413,0.102,0.257,0.012,0.042,0.587,0.522,0.824,0.442,0.000,0.429,0.327,0.556,0.906,krejcvi01
Arnoldas Kulboka,SF,24,CHO,2,5,0.000,23.4,0.000,0.000,0.000,0.000,0.000,1.000,,,,,,0.000,,,kulboar01
Jonathan Kuminga,SF,19,GSW,70,1185,0.513,11.0,0.676,0.341,0.276,0.043,0.015,0.324,0.598,0.771,0.433,0.400,0.286,0.336,0.608,1.000,kuminjo01
Kyle Kuzma,PF,26,WAS,66,2204,0.452,14.8,0.599,0.167,0.260,0.108,0.065,0.401,0.526,0.744,0.498,0.386,0.311,0.341,0.492,0.883,kuzmaky01
Anthony Lamb,SF,24,SAS,2,8,0.000,27.1,0.000,0.000,0.000,0.000,0.000,1.000,,,,,,0.000,,,lamban01
Jeremy Lamb,SF-SG,29,TOT,56,935,0.383,17.4,0.510,0.089,0.202,0.147,0.072,0.490,0.441,0.581,0.400,0.412,0.440,0.324,0.346,0.818,lambje01
Jock Landale,C,26,SAS,54,589,0.495,13.3,0.564,0.368,0.152,0.025,0.020,0.436,0.626,0.707,0.484,0.200,0.750,0.326,0.708,1.000,landajo01
Romeo Langford,SG,22,TOT,48,771,0.435,14.4,0.555,0.204,0.241,0.079,0.031,0.445,0.509,0.718,0.370,0.467,0.333,0.341,0.722,0.966,langfro01
Zach LaVine,SG,26,CHI,67,2328,0.476,15.2,0.599,0.264,0.103,0.086,0.147,0.401,0.534,0.700,0.451,0.343,0.408,0.389,0.350,0.568,lavinza01
Jake Layman,SF,27,MIN,34,231,0.411,14.4,0.521,0.301,0.123,0.055,0.041,0.479,0.579,0.773,0.222,0.250,0.667,0.229,0.682,1.000,laymaja01
Damion Lee,SG,29,GSW,63,1256,0.441,16.4,0.512,0.188,0.146,0.091,0.086,0.488,0.541,0.833,0.429,0.343,0.303,0.337,0.736,0.984,leeda03
Saben Lee,PG,22,DET,37,604,0.390,11.2,0.661,0.379,0.232,0.040,0.011,0.339,0.470,0.597,0.341,0.143,0.000,0.233,0.455,0.786,leesa01
Alex Len,C,28,SAC,39,620,0.534,7.0,0.881,0.415,0.335,0.125,0.006,0.119,0.568,0.712,0.441,0.455,0.000,0.286,0.773,1.000,lenal01
Caris LeVert,SG,27,TOT,58,1781,0.444,12.8,0.700,0.207,0.260,0.201,0.032,0.300,0.497,0.638,0.441,0.442,0.370,0.320,0.303,0.634,leverca01
Kira Lewis Jr.,PG,20,NOP,24,341,0.404,14.8,0.603,0.267,0.171,0.103,0.062,0.397,0.523,0.718,0.400,0.333,0.333,0.224,0.457,0.846,lewiski01
Scottie Lewis,SG,21,CHO,2,7,,,,,,,,,,,,,,,,,lewissc01
Damian Lillard,PG,31,POR,29,1056,0.402,17.9,0.486,0.239,0.071,0.074,0.101,0.514,0.485,0.561,0.308,0.439,0.464,0.324,0.192,0.446,lillada01
Nassir Little,SF,21,POR,42,1088,0.460,14.9,0.511,0.283,0.140,0.038,0.051,0.489,0.584,0.742,0.386,0.333,0.438,0.331,0.691,0.922,littlna01
Isaiah Livers,SF,23,DET,19,383,0.456,20.1,0.289,0.111,0.078,0.033,0.067,0.711,0.538,0.800,0.429,0.667,0.167,0.422,0.643,0.963,liveris01
Kevon Looney,C,25,GSW,82,1732,0.571,4.6,0.997,0.541,0.308,0.066,0.082,0.003,0.573,0.675,0.554,0.292,0.200,0.000,0.736,,looneke01
Brook Lopez,C,33,MIL,13,298,0.466,13.2,0.595,0.298,0.198,0.084,0.015,0.405,0.538,0.821,0.346,0.091,0.000,0.358,0.714,0.947,lopezbr01
Robin Lopez,C,33,ORL,36,612,0.553,6.2,0.970,0.281,0.618,0.055,0.015,0.030,0.560,0.714,0.512,0.364,0.333,0.333,0.519,1.000,lopezro01
Didi Louzada,SG-SF,22,TOT,9,129,0.364,20.0,0.303,0.061,0.121,0.061,0.061,0.697,0.300,0.500,0.000,0.000,1.000,0.391,0.333,1.000,louzama01
Kevin Love,C,33,CLE,74,1665,0.430,19.7,0.373,0.113,0.100,0.084,0.076,0.627,0.493,0.709,0.461,0.391,0.328,0.392,0.571,0.936,loveke01
Kyle Lowry,PG,35,MIA,63,2133,0.440,19.8,0.391,0.121,0.091,0.091,0.088,0.609,0.539,0.711,0.456,0.456,0.473,0.377,0.303,0.653,lowryky01
Gabriel Lundberg,SG,27,PHO,4,44,0.263,19.3,0.579,0.158,0.053,0.000,0.368,0.421,0.182,0.000,0.000,,0.286,0.375,0.000,0.667,lundbga01
Timothé Luwawu-Cabarrot,SF,26,ATL,52,685,0.398,17.5,0.344,0.220,0.070,0.038,0.016,0.656,0.469,0.512,0.385,0.429,0.333,0.361,0.700,0.977,luwawti01
Trey Lyles,PF,26,TOT,75,1537,0.466,12.8,0.628,0.292,0.224,0.077,0.036,0.372,0.552,0.671,0.516,0.279,0.400,0.321,0.600,1.000,lylestr01
Théo Maledon,PG,20,OKC,51,908,0.375,15.3,0.527,0.117,0.334,0.054,0.022,0.473,0.449,0.514,0.462,0.294,0.286,0.293,0.453,0.864,maledth01
Sandro Mamukelashvili,PF,22,MIL,41,407,0.496,13.3,0.548,0.409,0.104,0.026,0.009,0.452,0.556,0.638,0.250,0.667,0.000,0.423,0.629,1.000,mamuksa01
Terance Mann,SF,25,LAC,81,2317,0.484,12.3,0.699,0.313,0.180,0.138,0.068,0.301,0.535,0.690,0.460,0.400,0.298,0.365,0.519,0.842,mannte01
Tre Mann,PG,20,OKC,60,1367,0.393,16.7,0.537,0.102,0.264,0.094,0.078,0.463,0.421,0.533,0.394,0.418,0.370,0.360,0.286,0.663,manntr01
Boban Marjanović,C,33,DAL,23,128,0.600,7.0,0.943,0.329,0.414,0.171,0.029,0.057,0.621,0.783,0.552,0.417,1.000,0.250,0.732,1.000,marjabo01
Lauri Markkanen,SF,24,CLE,61,1878,0.445,16.5,0.459,0.226,0.144,0.061,0.028,0.541,0.548,0.679,0.446,0.326,0.500,0.358,0.684,0.993,markkla01
Naji Marshall,SF,24,NOP,55,735,0.405,12.8,0.610,0.320,0.193,0.071,0.026,0.390,0.537,0.581,0.538,0.526,0.000,0.200,0.557,0.810,marshna01
Caleb Martin,SF,26,MIA,60,1372,0.507,12.6,0.622,0.373,0.146,0.034,0.068,0.378,0.565,0.739,0.250,0.143,0.500,0.413,0.604,0.906,martica02
Cody Martin,SF,26,CHO,71,1866,0.482,12.1,0.624,0.390,0.137,0.045,0.052,0.376,0.542,0.679,0.345,0.316,0.227,0.384,0.636,0.885,martico01
Kelan Martin,SF,26,TOT,30,450,0.409,15.4,0.561,0.234,0.123,0.088,0.117,0.439,0.500,0.650,0.190,0.467,0.550,0.293,0.646,1.000,martike03
Kenyon Martin Jr.,SF,21,HOU,79,1656,0.533,9.8,0.679,0.455,0.222,0.002,0.000,0.321,0.617,0.739,0.371,0.000,,0.357,0.735,1.000,martike04
Garrison Mathews,SG,25,HOU,65,1712,0.399,22.5,0.163,0.104,0.041,0.009,0.009,0.837,0.600,0.771,0.316,0.250,0.250,0.360,0.756,0.978,mathega01
Dakota Mathias,SG,26,MEM,6,16,0.333,25.1,0.000,0.000,0.000,0.000,0.000,1.000,,,,,,0.333,,1.000,mathida01
Wesley Matthews,SG,35,MIL,49,1002,0.395,19.1,0.286,0.155,0.091,0.041,0.000,0.714,0.540,0.676,0.400,0.333,,0.338,0.647,0.981,matthwe02
Tyrese Maxey,PG,21,PHI,75,2650,0.485,12.9,0.689,0.258,0.237,0.121,0.073,0.311,0.512,0.654,0.466,0.317,0.479,0.427,0.450,0.712,maxeyty01
Skylar Mays,SG,24,ATL,28,220,0.500,12.1,0.609,0.422,0.109,0.016,0.063,0.391,0.615,0.667,0.429,0.000,0.750,0.320,0.417,1.000,mayssk01
Miles McBride,PG,21,NYK,40,372,0.296,19.1,0.370,0.139,0.093,0.019,0.120,0.630,0.375,0.600,0.200,0.000,0.308,0.250,0.267,0.765,mcbrimi01
Mac McClung,SG-PG,23,TOT,2,25,0.500,16.5,0.500,0.333,0.000,0.000,0.167,0.500,0.667,0.500,,,1.000,0.333,1.000,1.000,mccluma01
CJ McCollum,SG,30,TOT,62,2145,0.460,16.2,0.597,0.127,0.183,0.162,0.125,0.403,0.509,0.642,0.441,0.497,0.490,0.388,0.254,0.659,mccolcj01
T.J. McConnell,PG,29,IND,27,652,0.481,10.0,0.841,0.274,0.332,0.173,0.063,0.159,0.514,0.561,0.565,0.417,0.308,0.303,0.256,0.900,mccontj01
Jaden McDaniels,PF,21,MIN,70,1803,0.460,13.8,0.545,0.283,0.179,0.054,0.029,0.455,0.579,0.726,0.364,0.533,0.563,0.317,0.720,0.988,mcdanja02
Jalen McDaniels,SF,24,CHO,55,895,0.484,13.4,0.575,0.283,0.224,0.051,0.016,0.425,0.562,0.750,0.386,0.231,0.750,0.380,0.610,1.000,mcdanja01
Doug McDermott,PF,30,SAS,51,1223,0.462,16.6,0.449,0.176,0.185,0.060,0.028,0.551,0.512,0.646,0.395,0.464,0.538,0.422,0.850,0.991,mcderdo01
JaVale McGee,C,34,PHO,74,1172,0.629,4.3,0.980,0.535,0.371,0.052,0.022,0.020,0.637,0.706,0.588,0.375,0.400,0.222,0.692,1.000,mcgeeja01
Cameron McGriff,SF,24,POR,3,46,0.357,13.0,0.571,0.357,0.143,0.000,0.071,0.429,0.375,0.400,0.500,,0.000,0.333,0.667,0.000,mcgrica01
Rodney McGruder,SG,30,DET,51,754,0.436,18.2,0.351,0.169,0.120,0.044,0.018,0.649,0.506,0.605,0.370,0.400,0.750,0.397,0.650,1.000,mcgruro01
Alfonzo McKinnie,SF,29,CHI,17,206,0.393,14.1,0.557,0.311,0.082,0.082,0.082,0.443,0.441,0.526,0.600,0.000,0.400,0.333,0.733,1.000,mckinal01
JaQuori McLaughlin,PG,24,DAL,4,11,0.000,21.9,0.500,0.000,0.000,0.000,0.500,0.500,0.000,,,,0.000,0.000,,,mclauja01
Jordan McLaughlin,PG,25,MIN,62,902,0.440,13.3,0.575,0.290,0.230,0.050,0.005,0.425,0.530,0.707,0.326,0.400,1.000,0.318,0.492,0.852,mclaujo01
Ben McLemore,SG,28,POR,64,1285,0.401,21.9,0.226,0.091,0.033,0.006,0.096,0.774,0.533,0.694,0.389,0.333,0.442,0.362,0.846,0.967,mclembe01
De'Anthony Melton,SG,23,MEM,73,1657,0.404,17.2,0.465,0.167,0.164,0.068,0.066,0.535,0.440,0.595,0.368,0.383,0.283,0.374,0.472,0.856,meltode01
Sam Merrill,SG,25,MEM,6,58,0.333,24.4,0.042,0.042,0.000,0.000,0.000,0.958,1.000,1.000,,,,0.304,1.000,0.714,merrisa01
Chimezie Metu,C,24,SAC,60,1279,0.452,14.0,0.586,0.229,0.223,0.085,0.049,0.414,0.555,0.718,0.490,0.368,0.409,0.306,0.740,0.965,metuch01
Khris Middleton,SF,30,MIL,66,2141,0.443,17.3,0.575,0.104,0.140,0.189,0.142,0.425,0.494,0.736,0.406,0.503,0.393,0.373,0.331,0.630,middlkh01
C.J. Miles,SG,34,BOS,1,2,,,,,,,,,,,,,,,,,milescj01
Patty Mills,SG,33,BRK,81,2346,0.408,21.4,0.285,0.064,0.037,0.065,0.118,0.715,0.429,0.745,0.207,0.365,0.362,0.400,0.619,0.925,millspa02
Paul Millsap,C,36,TOT,33,376,0.391,10.9,0.696,0.357,0.243,0.087,0.009,0.304,0.463,0.537,0.429,0.300,0.000,0.229,0.486,1.000,millspa01
Shake Milton,SG,25,PHI,55,1179,0.429,13.4,0.670,0.199,0.278,0.136,0.057,0.330,0.481,0.700,0.402,0.400,0.304,0.323,0.369,0.930,miltosh01
Davion Mitchell,PG,23,SAC,75,2076,0.418,15.6,0.620,0.189,0.154,0.108,0.170,0.380,0.480,0.642,0.438,0.352,0.420,0.316,0.231,0.663,mitchda01
Donovan Mitchell,SG,25,UTA,67,2266,0.448,16.7,0.525,0.140,0.236,0.077,0.072,0.475,0.533,0.708,0.465,0.519,0.434,0.355,0.177,0.483,mitchdo01
Evan Mobley,PF,20,CLE,69,2331,0.508,8.4,0.889,0.364,0.307,0.143,0.075,0.111,0.541,0.758,0.380,0.445,0.323,0.250,0.652,0.957,mobleev01
Malik Monk,SG,23,LAL,76,2139,0.473,16.3,0.465,0.229,0.162,0.034,0.040,0.535,0.568,0.725,0.448,0.393,0.303,0.391,0.546,0.832,monkma01
Greg Monroe,C,31,TOT,14,195,0.561,3.1,1.000,0.632,0.351,0.000,0.018,0.000,0.561,0.694,0.350,,0.000,,0.563,,monrogr01
Moses Moody,SG,19,GSW,52,607,0.437,17.5,0.399,0.213,0.082,0.049,0.055,0.601,0.548,0.641,0.467,0.667,0.200,0.364,0.700,1.000,moodymo01
Xavier Moon,SG,27,LAC,10,137,0.490,16.4,0.725,0.098,0.137,0.176,0.314,0.275,0.541,0.400,0.286,0.556,0.688,0.357,0.150,0.600,moonxa01
Matt Mooney,SG,24,NYK,1,2,0.000,25.1,0.000,0.000,0.000,0.000,0.000,1.000,,,,,,0.000,,,moonema01
Ja Morant,PG,22,MEM,57,1889,0.493,10.3,0.782,0.332,0.291,0.135,0.025,0.218,0.534,0.706,0.433,0.384,0.241,0.344,0.248,0.511,moranja01
Juwan Morgan,PF,24,TOT,2,31,0.667,17.1,0.333,0.333,0.000,0.000,0.000,0.667,1.000,1.000,,,,0.500,1.000,1.000,morgaju01
Jaylen Morris,SG,26,SAS,3,16,0.000,11.6,0.667,0.500,0.167,0.000,0.000,0.333,0.000,0.000,0.000,,,0.000,,,morrija01
Marcus Morris,PF,32,LAC,54,1564,0.434,17.6,0.602,0.046,0.145,0.240,0.171,0.398,0.478,0.688,0.490,0.470,0.424,0.367,0.327,0.901,morrima03
Markieff Morris,PF,32,MIA,17,298,0.474,14.8,0.658,0.140,0.175,0.228,0.114,0.342,0.547,0.750,0.450,0.500,0.538,0.333,0.512,1.000,morrima02
Monte Morris,PG,26,DEN,75,2239,0.484,16.1,0.594,0.155,0.137,0.132,0.169,0.406,0.545,0.725,0.491,0.490,0.466,0.395,0.472,0.935,morrimo01
Emmanuel Mudiay,PG,25,SAC,2,11,0.000,13.0,1.000,0.000,0.000,1.000,0.000,0.000,0.000,,,0.000,,,,,mudiaem01
Mychal Mulder,PG,27,TOT,17,239,0.312,19.7,0.299,0.117,0.104,0.026,0.052,0.701,0.304,0.556,0.000,0.500,0.250,0.315,0.571,1.000,muldemy01
Ade Murkey,SG,24,SAC,1,1,,,,,,,,,,,,,,,,,murkead01
Trey Murphy III,SF,21,NOP,62,864,0.394,18.5,0.329,0.199,0.087,0.018,0.025,0.671,0.418,0.582,0.167,0.200,0.143,0.382,0.579,0.972,murphtr02
Dejounte Murray,PG,25,SAS,68,2366,0.462,12.7,0.763,0.214,0.206,0.226,0.116,0.237,0.504,0.665,0.418,0.456,0.451,0.327,0.189,0.698,murrade01
Mike Muscala,C,30,OKC,43,592,0.456,19.6,0.343,0.129,0.097,0.089,0.028,0.657,0.506,0.688,0.458,0.318,0.429,0.429,0.814,1.000,muscami01
Svi Mykhailiuk,SF,24,TOR,56,716,0.389,17.0,0.427,0.218,0.098,0.060,0.051,0.573,0.500,0.588,0.522,0.286,0.333,0.306,0.540,0.951,mykhasv01
Abdel Nader,SF,28,PHO,14,145,0.343,12.9,0.600,0.314,0.286,0.000,0.000,0.400,0.381,0.727,0.000,,,0.286,0.500,1.000,naderab01
Larry Nance Jr.,C-PF,29,TOT,46,1040,0.522,9.9,0.717,0.466,0.170,0.057,0.024,0.283,0.599,0.704,0.476,0.214,0.333,0.329,0.689,1.000,nancela02
RJ Nembhard Jr.,SG,22,CLE,14,63,0.333,8.0,0.889,0.389,0.333,0.111,0.056,0.111,0.375,0.857,0.000,0.000,0.000,0.000,0.500,,nembhrj01
Aaron Nesmith,SF,22,BOS,52,574,0.396,18.4,0.368,0.126,0.154,0.033,0.055,0.632,0.612,0.870,0.464,0.167,0.700,0.270,0.805,0.935,nesmiaa01
Raul Neto,PG,29,WAS,70,1372,0.463,12.0,0.728,0.231,0.313,0.159,0.025,0.272,0.526,0.667,0.449,0.471,0.545,0.292,0.331,0.686,netora01
Malik Newman,PG,24,CLE,1,8,0.600,14.8,0.800,0.200,0.000,0.400,0.200,0.200,0.750,1.000,,1.000,0.000,0.000,0.667,,newmama01
Georges Niang,PF,28,PHI,76,1736,0.437,19.1,0.313,0.119,0.153,0.032,0.009,0.687,0.511,0.627,0.465,0.389,0.200,0.403,0.711,0.981,niangge01
Daishen Nix,SG,19,HOU,24,261,0.403,12.7,0.612,0.358,0.239,0.000,0.015,0.388,0.488,0.667,0.250,,0.000,0.269,0.400,0.714,nixda01
Zeke Nnaji,PF,21,DEN,41,698,0.516,13.1,0.570,0.355,0.156,0.005,0.054,0.430,0.557,0.727,0.241,0.000,0.400,0.463,0.576,0.946,nnajize01
Nerlens Noel,C,27,NYK,25,562,0.533,5.9,0.950,0.533,0.250,0.167,0.000,0.050,0.561,0.563,0.533,0.600,,0.000,0.750,,noelne01
Jaylen Nowell,SG,22,MIN,62,975,0.475,14.1,0.613,0.203,0.225,0.143,0.041,0.387,0.526,0.679,0.430,0.508,0.353,0.394,0.429,0.778,nowelja01
Frank Ntilikina,SG,23,DAL,58,685,0.399,17.5,0.502,0.117,0.157,0.094,0.135,0.498,0.455,0.462,0.429,0.429,0.500,0.342,0.529,0.895,ntilila01
Jusuf Nurkić,C,27,POR,56,1579,0.535,5.9,0.907,0.490,0.350,0.030,0.037,0.093,0.563,0.653,0.481,0.278,0.364,0.268,0.627,0.933,nurkiju01
David Nwaba,SF,29,HOU,46,609,0.483,9.0,0.722,0.511,0.193,0.017,0.000,0.278,0.551,0.656,0.294,0.333,,0.306,0.543,1.000,nwabada01
Jordan Nwora,SF,23,MIL,62,1185,0.403,16.8,0.509,0.188,0.130,0.097,0.093,0.491,0.455,0.667,0.350,0.333,0.302,0.348,0.617,0.747,nworajo01
Royce O'Neale,SF,28,UTA,77,2406,0.457,18.7,0.311,0.194,0.106,0.011,0.000,0.689,0.609,0.686,0.532,0.000,,0.389,0.679,0.983,onealro01
Semi Ojeleye,PF,27,TOT,30,406,0.303,16.5,0.495,0.091,0.263,0.141,0.000,0.505,0.306,0.667,0.269,0.143,,0.300,0.733,0.800,ojelese01
Chuma Okeke,PF,23,ORL,70,1749,0.376,18.6,0.355,0.137,0.139,0.045,0.033,0.645,0.480,0.658,0.413,0.346,0.211,0.318,0.531,0.966,okekech01
Josh Okogie,SG,23,MIN,49,516,0.404,12.3,0.548,0.365,0.173,0.010,0.000,0.452,0.491,0.526,0.444,0.000,,0.298,0.607,1.000,okogijo01
Onyeka Okongwu,C,21,ATL,48,992,0.690,2.7,1.000,0.677,0.296,0.027,0.000,0.000,0.690,0.765,0.522,0.667,,,0.795,,okongon01
Isaac Okoro,SF,21,CLE,67,1981,0.480,10.4,0.636,0.487,0.123,0.009,0.016,0.364,0.555,0.648,0.264,0.250,0.143,0.350,0.717,0.945,okorois01
KZ Okpala,PF,22,MIA,21,244,0.435,12.0,0.623,0.319,0.232,0.058,0.014,0.377,0.488,0.545,0.500,0.250,0.000,0.346,0.762,1.000,okpalkz01
Victor Oladipo,SG,29,MIA,8,173,0.479,16.9,0.507,0.247,0.096,0.082,0.082,0.493,0.541,0.667,0.286,0.667,0.333,0.417,0.250,0.467,oladivi01
Cameron Oliver,SF,25,ATL,2,43,0.667,7.8,0.800,0.600,0.133,0.000,0.067,0.200,0.750,0.667,1.000,,1.000,0.333,0.778,1.000,oliveca01
Kelly Olynyk,C,30,DET,40,764,0.448,14.2,0.584,0.301,0.175,0.045,0.063,0.416,0.527,0.640,0.380,0.385,0.500,0.336,0.625,0.875,olynyke01
Eugene Omoruyi,SF,24,DAL,4,18,0.400,17.7,0.600,0.000,0.200,0.200,0.200,0.400,0.333,,1.000,0.000,0.000,0.500,0.000,1.000,omorueu01
Miye Oni,SG,24,UTA,16,44,0.222,21.8,0.111,0.111,0.000,0.000,0.000,0.889,1.000,1.000,,,,0.125,0.000,1.000,onimi01
Cedi Osman,SF,26,CLE,66,1462,0.432,17.9,0.372,0.227,0.107,0.017,0.021,0.628,0.559,0.654,0.443,0.200,0.417,0.357,0.689,0.867,osmande01
Daniel Oturu,C,22,TOR,3,27,0.500,6.8,0.833,0.500,0.333,0.000,0.000,0.167,0.600,0.667,0.500,,,0.000,0.333,,oturuda01
Kelly Oubre Jr.,SF,26,CHO,76,1999,0.440,16.9,0.407,0.231,0.121,0.042,0.013,0.593,0.578,0.716,0.425,0.308,0.417,0.345,0.612,0.932,oubreke01
Jaysean Paige,PG,27,DET,1,7,0.000,23.7,0.333,0.000,0.000,0.000,0.333,0.667,0.000,,,,0.000,0.000,,,paigeja01
Trayvon Palmer,SG,27,DET,1,17,0.000,4.0,1.000,0.000,1.000,0.000,0.000,0.000,0.000,,0.000,,,,,,palmetr01
Kevin Pangos,PG,29,CLE,24,166,0.326,17.8,0.435,0.109,0.239,0.043,0.043,0.565,0.450,0.600,0.364,0.500,0.500,0.231,0.111,0.333,pangoke01
Jabari Parker,PF,26,BOS,12,112,0.474,16.6,0.579,0.211,0.184,0.026,0.158,0.421,0.455,0.750,0.286,0.000,0.333,0.500,0.600,0.875,parkeja01
Eric Paschall,PF,25,UTA,58,736,0.485,13.4,0.540,0.315,0.183,0.034,0.009,0.460,0.583,0.649,0.512,0.250,1.000,0.370,0.581,0.950,pascher01
Chris Paul,PG,36,PHO,65,2139,0.493,16.4,0.730,0.034,0.158,0.346,0.192,0.270,0.559,0.720,0.543,0.592,0.482,0.317,0.097,0.413,paulch01
Cameron Payne,PG,27,PHO,58,1278,0.409,13.8,0.641,0.187,0.300,0.112,0.041,0.359,0.449,0.536,0.381,0.530,0.333,0.336,0.183,0.634,payneca01
Elfrid Payton,PG,27,PHO,50,549,0.383,8.0,0.897,0.263,0.491,0.097,0.046,0.103,0.401,0.500,0.372,0.353,0.250,0.222,0.270,0.750,paytoel01
Gary Payton II,SG,29,GSW,71,1247,0.616,10.4,0.651,0.398,0.244,0.003,0.006,0.349,0.754,0.825,0.655,0.000,0.500,0.358,0.787,1.000,paytoga02
Norvel Pelle,C,28,UTA,3,19,0.600,0.4,1.000,1.000,0.000,0.000,0.000,0.000,0.600,0.600,,,,,0.667,,pelleno01
Reggie Perry,PF,21,TOT,10,187,0.506,10.5,0.797,0.342,0.266,0.089,0.101,0.203,0.587,0.815,0.333,0.429,0.625,0.188,0.676,1.000,perryre01
Jamorko Pickett,PF,24,DET,13,176,0.360,21.1,0.220,0.040,0.160,0.000,0.020,0.780,0.455,0.500,0.500,,0.000,0.333,0.800,0.923,pickeja01
Theo Pinson,SF,26,DAL,19,148,0.359,21.9,0.231,0.051,0.077,0.026,0.077,0.769,0.444,0.500,0.333,0.000,0.667,0.333,0.250,0.900,pinsoth01
Mason Plumlee,C,31,CHO,73,1793,0.641,3.1,0.994,0.681,0.266,0.044,0.003,0.006,0.645,0.752,0.424,0.357,0.000,0.000,0.776,,plumlma01
Jakob Poeltl,C,26,SAS,68,1970,0.618,4.7,0.998,0.471,0.391,0.133,0.005,0.002,0.618,0.747,0.514,0.477,0.333,1.000,0.702,1.000,poeltja01
Aleksej Pokusevski,PF,20,OKC,61,1233,0.408,14.6,0.568,0.200,0.248,0.070,0.050,0.432,0.498,0.703,0.416,0.344,0.304,0.289,0.535,0.947,pokusal01
Yves Pons,SF,22,MEM,12,71,0.313,15.0,0.438,0.250,0.125,0.063,0.000,0.563,0.286,0.250,0.000,1.000,,0.333,0.000,1.000,ponsyv01
Jordan Poole,SG,22,GSW,76,2283,0.448,17.8,0.452,0.142,0.182,0.066,0.061,0.548,0.550,0.680,0.523,0.457,0.431,0.364,0.414,0.706,poolejo01
Kevin Porter Jr.,PG,21,HOU,61,1907,0.415,16.5,0.489,0.203,0.157,0.058,0.071,0.511,0.456,0.646,0.291,0.362,0.351,0.375,0.267,0.516,porteke02
Michael Porter Jr.,SF,23,DEN,9,265,0.359,17.2,0.534,0.165,0.097,0.107,0.165,0.466,0.491,0.706,0.300,0.273,0.529,0.208,0.704,0.900,portemi01
Otto Porter Jr.,PF,28,GSW,63,1396,0.464,16.7,0.481,0.161,0.163,0.087,0.070,0.519,0.565,0.746,0.515,0.444,0.414,0.370,0.735,0.950,porteot01
Bobby Portis,C,26,MIL,72,2028,0.479,14.5,0.612,0.219,0.185,0.126,0.082,0.388,0.533,0.644,0.497,0.455,0.437,0.393,0.556,1.000,portibo01
Kristaps Porziņģis,PF,26,TOT,51,1481,0.459,14.3,0.671,0.214,0.183,0.186,0.089,0.329,0.532,0.762,0.414,0.420,0.456,0.310,0.682,0.987,porzikr01
Micah Potter,C,23,DET,3,31,0.455,8.3,0.818,0.364,0.273,0.182,0.000,0.182,0.556,0.500,0.667,0.500,,0.000,0.600,,pottemi01
Dwight Powell,C,30,DAL,82,1798,0.671,4.6,0.908,0.708,0.160,0.020,0.020,0.092,0.703,0.792,0.422,0.375,0.125,0.351,0.855,1.000,poweldw01
Myles Powell,PG,24,PHI,11,52,0.294,13.5,0.647,0.353,0.176,0.000,0.118,0.353,0.364,0.667,0.000,,0.000,0.167,0.000,0.000,powelmy01
Norman Powell,SF-SG,28,TOT,45,1458,0.461,14.4,0.582,0.256,0.179,0.058,0.089,0.418,0.491,0.568,0.407,0.514,0.426,0.419,0.509,0.877,powelno01
Joshua Primo,SF,19,SAS,50,965,0.374,15.9,0.493,0.200,0.178,0.070,0.044,0.507,0.444,0.611,0.375,0.263,0.250,0.307,0.525,0.929,primojo01
Taurean Prince,PF,27,MIN,69,1177,0.454,17.2,0.413,0.174,0.138,0.062,0.038,0.587,0.565,0.676,0.463,0.625,0.333,0.376,0.692,0.942,princta02
Payton Pritchard,PG,24,BOS,71,1001,0.429,20.6,0.343,0.094,0.091,0.062,0.097,0.657,0.461,0.629,0.353,0.478,0.389,0.412,0.356,0.802,pritcpa01
Trevelin Queen,SG,24,HOU,10,74,0.455,19.6,0.273,0.242,0.030,0.000,0.000,0.727,0.667,0.750,0.000,,,0.375,0.500,0.556,queentr01
Neemias Queta,C,22,SAC,14,120,0.447,5.4,1.000,0.447,0.368,0.132,0.053,0.000,0.447,0.529,0.500,0.200,0.000,,0.647,,quetane01
Immanuel Quickley,PG,22,NYK,78,1802,0.392,18.4,0.453,0.090,0.167,0.130,0.066,0.547,0.448,0.631,0.421,0.404,0.354,0.346,0.299,0.526,quickim01
Jahmi'us Ramsey,SG,20,SAC,19,134,0.414,12.4,0.690,0.310,0.224,0.069,0.086,0.310,0.475,0.667,0.231,0.250,0.600,0.278,0.579,0.800,ramseja01
Julius Randle,PF,27,NYK,72,2544,0.411,13.8,0.687,0.254,0.152,0.137,0.144,0.313,0.458,0.627,0.368,0.374,0.335,0.308,0.362,0.800,randlju01
Austin Reaves,SG,23,LAL,61,1418,0.459,16.6,0.475,0.211,0.157,0.066,0.041,0.525,0.616,0.746,0.560,0.571,0.231,0.317,0.559,0.981,reaveau01
Cam Reddish,SF,22,TOT,49,1012,0.404,15.7,0.549,0.211,0.125,0.108,0.105,0.451,0.442,0.593,0.471,0.273,0.279,0.359,0.525,0.833,reddica01
Davon Reed,SG,26,DEN,48,668,0.503,18.0,0.466,0.099,0.161,0.075,0.130,0.534,0.587,0.688,0.500,0.583,0.619,0.430,0.591,0.919,reedda01
Paul Reed,C,22,PHI,38,302,0.563,5.4,0.917,0.625,0.219,0.042,0.031,0.083,0.591,0.767,0.190,0.250,0.333,0.250,0.577,1.000,reedpa01
Naz Reid,C,22,MIN,77,1215,0.489,10.6,0.651,0.399,0.244,0.008,0.000,0.349,0.568,0.684,0.379,0.500,,0.343,0.625,0.982,reidna01
Nick Richards,C,24,CHO,50,367,0.667,2.7,1.000,0.689,0.278,0.033,0.000,0.000,0.667,0.774,0.360,1.000,,,0.783,,richani01
Josh Richardson,SG,28,TOT,65,1600,0.438,17.2,0.539,0.109,0.154,0.178,0.099,0.461,0.458,0.655,0.390,0.432,0.396,0.415,0.477,0.990,richajo01
Austin Rivers,SG,29,DEN,67,1480,0.417,17.9,0.340,0.160,0.151,0.020,0.009,0.660,0.563,0.750,0.453,0.143,0.000,0.342,0.463,0.848,riverau01
Duncan Robinson,SG,27,MIA,79,2043,0.399,22.7,0.140,0.077,0.039,0.012,0.012,0.860,0.569,0.679,0.393,0.556,0.444,0.372,0.828,0.961,robindu01
Justin Robinson,PG,24,TOT,25,304,0.301,21.4,0.344,0.065,0.075,0.118,0.086,0.656,0.313,0.833,0.143,0.182,0.250,0.295,0.200,0.778,robinju01
Mitchell Robinson,C,23,NYK,72,1848,0.761,1.2,1.000,0.918,0.082,0.000,0.000,0.000,0.761,0.781,0.536,,,,0.517,,robinmi01
Jeremiah Robinson-Earl,C,21,OKC,49,1087,0.414,15.3,0.491,0.244,0.151,0.062,0.034,0.509,0.478,0.608,0.429,0.200,0.273,0.352,0.750,1.000,robinje02
Isaiah Roby,PF,23,OKC,45,948,0.514,10.8,0.693,0.319,0.328,0.031,0.015,0.307,0.545,0.699,0.425,0.300,0.400,0.444,0.689,0.909,robyis01
Rajon Rondo,PG,35,TOT,39,697,0.386,16.1,0.500,0.222,0.170,0.091,0.017,0.500,0.420,0.641,0.233,0.313,0.000,0.352,0.081,0.839,rondora01
Derrick Rose,PG,33,NYK,26,636,0.445,13.4,0.664,0.245,0.230,0.088,0.102,0.336,0.467,0.582,0.508,0.292,0.250,0.402,0.259,0.757,rosede01
Terrence Ross,SG,30,ORL,63,1448,0.397,18.0,0.523,0.108,0.125,0.155,0.135,0.477,0.493,0.700,0.435,0.523,0.347,0.292,0.524,0.779,rosste01
Terry Rozier,SG,27,CHO,73,2458,0.444,16.4,0.492,0.181,0.165,0.082,0.064,0.508,0.516,0.649,0.396,0.521,0.440,0.374,0.439,0.838,roziete01
Ricky Rubio,PG,31,CLE,34,970,0.363,15.4,0.577,0.197,0.165,0.136,0.078,0.423,0.380,0.481,0.294,0.375,0.313,0.339,0.256,0.661,rubiori01
D'Angelo Russell,PG,25,MIN,65,2077,0.411,18.2,0.469,0.128,0.128,0.104,0.109,0.531,0.492,0.696,0.392,0.465,0.396,0.340,0.280,0.631,russeda01
Matt Ryan,SF,24,BOS,1,5,0.200,25.6,0.000,0.000,0.000,0.000,0.000,1.000,,,,,,0.200,,1.000,ryanma01
Domantas Sabonis,PF-C,25,TOT,62,2136,0.573,7.6,0.838,0.485,0.265,0.047,0.041,0.162,0.623,0.739,0.517,0.389,0.219,0.312,0.616,0.974,sabondo01
Olivier Sarr,C,22,OKC,22,421,0.574,10.8,0.713,0.238,0.396,0.069,0.010,0.287,0.625,0.667,0.575,0.857,0.000,0.448,0.778,1.000,sarrol01
Tomáš Satoranský,SG-PG-SF,30,TOT,55,906,0.377,13.0,0.723,0.241,0.236,0.152,0.094,0.277,0.442,0.630,0.333,0.379,0.333,0.208,0.443,1.000,satorto01
Jordan Schakel,SG,23,WAS,4,30,0.091,17.8,0.455,0.091,0.273,0.000,0.091,0.545,0.000,0.000,0.000,,0.000,0.167,,1.000,schakjo01
Admiral Schofield,SF,24,ORL,38,469,0.419,17.6,0.388,0.147,0.209,0.023,0.008,0.612,0.560,0.632,0.481,0.667,1.000,0.329,0.714,0.962,schofad01
Dennis Schröder,SG-PG,28,TOT,64,1837,0.431,14.7,0.655,0.169,0.228,0.126,0.133,0.345,0.477,0.639,0.442,0.374,0.427,0.344,0.265,0.721,schrode01
Tre Scott,SF,25,CLE,2,11,0.500,8.2,0.833,0.500,0.167,0.167,0.000,0.167,0.600,0.667,1.000,0.000,,0.000,0.667,,scotttr01
Jay Scrubb,SG,21,LAC,18,121,0.391,16.2,0.543,0.239,0.087,0.130,0.087,0.457,0.480,0.545,0.500,0.500,0.250,0.286,0.333,0.667,scrubja01
Wayne Selden,SG,27,NYK,3,19,0.250,15.9,0.500,0.000,0.500,0.000,0.000,0.500,0.000,,0.000,,,0.500,,1.000,seldewa01
Alperen Şengün,C,19,HOU,72,1489,0.474,9.0,0.777,0.429,0.297,0.042,0.010,0.223,0.539,0.671,0.385,0.318,0.400,0.248,0.436,0.966,sengual01
Collin Sexton,SG,23,CLE,11,316,0.450,11.8,0.702,0.305,0.258,0.066,0.073,0.298,0.538,0.739,0.385,0.400,0.364,0.244,0.421,0.818,sextoco01
Landry Shamet,SG,24,PHO,69,1437,0.394,20.0,0.311,0.089,0.109,0.058,0.056,0.689,0.450,0.628,0.340,0.393,0.444,0.368,0.603,0.951,shamela01
Day'Ron Sharpe,PF,20,BRK,32,391,0.577,3.2,0.953,0.772,0.161,0.020,0.000,0.047,0.592,0.652,0.333,0.333,,0.286,0.595,1.000,sharpda01
Pascal Siakam,PF,27,TOR,68,2578,0.494,11.2,0.819,0.216,0.340,0.132,0.132,0.181,0.527,0.716,0.498,0.447,0.371,0.344,0.292,0.947,siakapa01
Chris Silva,PF,25,TOT,10,91,0.533,4.0,1.000,0.533,0.400,0.000,0.067,0.000,0.533,0.750,0.333,,0.000,,0.750,,silvach01
Marko Simonovic,C,22,CHI,9,35,0.267,12.2,0.667,0.333,0.200,0.000,0.133,0.333,0.300,0.600,0.000,,0.000,0.200,0.667,1.000,simonma01
Anfernee Simons,SG,22,POR,57,1681,0.443,19.0,0.445,0.113,0.118,0.109,0.105,0.555,0.490,0.567,0.489,0.483,0.417,0.405,0.195,0.654,simonan01
Zavier Simpson,PG,24,OKC,4,174,0.365,9.1,0.846,0.250,0.442,0.096,0.058,0.154,0.409,0.538,0.391,0.400,0.000,0.125,0.222,1.000,simpsza01
Jericho Sims,PF,23,NYK,41,555,0.722,2.0,1.000,0.815,0.148,0.037,0.000,0.000,0.722,0.795,0.500,0.000,,,0.795,,simsje01
Deividas Sirvydis,SG,21,DET,3,27,0.100,19.4,0.300,0.200,0.100,0.000,0.000,0.700,0.000,0.000,0.000,,,0.143,,1.000,sirvyde01
Javonte Smart,PG,22,TOT,17,200,0.317,16.3,0.550,0.183,0.167,0.133,0.067,0.450,0.333,0.545,0.300,0.125,0.250,0.296,0.364,0.875,smartja01
Marcus Smart,PG,27,BOS,71,2296,0.418,16.1,0.499,0.146,0.251,0.075,0.026,0.501,0.506,0.695,0.439,0.500,0.105,0.331,0.365,0.916,smartma01
Dennis Smith Jr.,PG,24,POR,37,638,0.418,9.0,0.857,0.354,0.307,0.090,0.106,0.143,0.451,0.522,0.431,0.235,0.450,0.222,0.329,0.500,smithde03
Ish Smith,PG,33,TOT,65,1126,0.430,13.3,0.844,0.200,0.172,0.205,0.267,0.156,0.441,0.500,0.392,0.364,0.487,0.373,0.181,0.720,smithis01
Jalen Smith,PF,21,TOT,51,925,0.503,12.4,0.651,0.291,0.246,0.063,0.051,0.349,0.596,0.765,0.500,0.364,0.389,0.328,0.721,1.000,smithja04
Xavier Sneed,SF,24,TOT,9,39,0.200,20.9,0.200,0.100,0.000,0.100,0.000,0.800,0.500,1.000,,0.000,,0.125,0.000,1.000,sneedxa01
Tony Snell,SG,30,TOT,53,823,0.404,20.0,0.251,0.105,0.094,0.035,0.018,0.749,0.558,0.722,0.375,0.500,0.667,0.352,0.750,0.956,snellto01
Jaden Springer,SG,19,PHI,2,6,1.000,9.1,1.000,0.000,1.000,0.000,0.000,0.000,1.000,,1.000,,,,0.000,,sprinja01
Cassius Stanley,SG,22,DET,9,155,0.413,12.5,0.630,0.152,0.413,0.043,0.022,0.370,0.517,0.571,0.526,0.500,0.000,0.235,0.600,1.000,stanlca01
Nik Stauskas,SG,28,TOT,8,39,0.357,20.7,0.286,0.071,0.071,0.071,0.071,0.714,0.250,0.000,0.000,1.000,0.000,0.400,1.000,0.750,stausni01
Lance Stephenson,PG-SG,31,TOT,46,814,0.455,14.3,0.721,0.220,0.164,0.080,0.257,0.279,0.515,0.662,0.547,0.423,0.398,0.300,0.200,0.593,stephla01
Lamar Stevens,PF,24,CLE,63,1015,0.489,9.9,0.796,0.382,0.201,0.125,0.088,0.204,0.543,0.730,0.266,0.475,0.464,0.277,0.601,1.000,stevela01
Isaiah Stewart,C,20,DET,71,1816,0.510,5.6,0.906,0.584,0.243,0.039,0.041,0.094,0.529,0.591,0.445,0.158,0.500,0.326,0.689,0.933,stewais01
Max Strus,SF,25,MIA,68,1587,0.441,21.1,0.216,0.135,0.053,0.016,0.012,0.784,0.557,0.658,0.433,0.222,0.429,0.410,0.779,0.956,strusma01
Jalen Suggs,PG,20,ORL,48,1307,0.361,13.3,0.642,0.263,0.245,0.069,0.066,0.358,0.443,0.611,0.313,0.395,0.306,0.214,0.365,0.667,suggsja01
Craig Sword,SG,28,WAS,3,19,0.750,7.0,0.750,0.750,0.000,0.000,0.000,0.250,1.000,1.000,,,,0.000,1.000,,swordcr01
Keifer Sykes,PG,28,IND,32,566,0.363,17.3,0.526,0.168,0.079,0.116,0.163,0.474,0.420,0.688,0.333,0.182,0.355,0.300,0.429,0.889,sykeske01
Jae'Sean Tate,PF,26,HOU,78,2056,0.498,9.2,0.723,0.414,0.295,0.010,0.004,0.277,0.569,0.705,0.391,0.286,0.333,0.312,0.490,0.937,tateja01
Jayson Tatum,SF,23,BOS,76,2731,0.453,15.2,0.584,0.220,0.176,0.088,0.100,0.416,0.524,0.741,0.413,0.328,0.410,0.353,0.429,0.565,tatumja01
Terry Taylor,PF,22,IND,33,714,0.614,7.2,0.827,0.482,0.282,0.045,0.018,0.173,0.676,0.755,0.565,0.600,0.500,0.316,0.667,0.917,taylote01
Garrett Temple,SG,35,NOP,59,1098,0.376,18.1,0.373,0.180,0.071,0.071,0.051,0.627,0.473,0.642,0.429,0.238,0.267,0.319,0.635,0.983,templga01
Emanuel Terry,PF,25,PHO,3,18,0.000,2.2,1.000,0.600,0.400,0.000,0.000,0.000,0.000,0.000,0.000,,,,,,terryem01
Tyrell Terry,PG,21,MEM,2,3,1.000,15.2,1.000,0.000,0.000,1.000,0.000,0.000,1.000,,,1.000,,,0.000,,terryty01
Jon Teske,C,24,MEM,3,8,0.000,15.5,1.000,0.000,0.000,1.000,0.000,0.000,0.000,,,0.000,,,,,teskejo01
Daniel Theis,C,29,TOT,47,977,0.519,12.4,0.632,0.378,0.134,0.076,0.045,0.368,0.641,0.745,0.590,0.364,0.385,0.308,0.797,0.970,theisda01
Brodric Thomas,SG,25,BOS,12,60,0.444,14.5,0.500,0.389,0.111,0.000,0.000,0.500,0.667,0.857,0.000,,,0.222,0.833,0.500,thomabr01
Cam Thomas,SG,20,BRK,67,1176,0.433,16.0,0.654,0.107,0.145,0.250,0.151,0.346,0.520,0.574,0.521,0.548,0.434,0.270,0.415,0.702,thomaca02
Isaiah Thomas,PG,32,TOT,22,333,0.401,16.8,0.503,0.126,0.180,0.132,0.066,0.497,0.464,0.571,0.233,0.636,0.545,0.337,0.487,0.786,thomais02
Matt Thomas,SG,27,CHI,40,459,0.410,22.6,0.321,0.007,0.015,0.082,0.216,0.679,0.465,1.000,0.000,0.273,0.552,0.385,0.850,0.886,thomama02
Klay Thompson,SG,31,GSW,32,941,0.429,18.9,0.483,0.061,0.129,0.162,0.131,0.517,0.477,0.714,0.486,0.409,0.440,0.385,0.636,0.886,thompkl01
Tristan Thompson,PF,30,TOT,57,897,0.528,4.3,0.989,0.487,0.464,0.034,0.004,0.011,0.530,0.608,0.452,0.556,0.000,0.333,0.657,1.000,thomptr01
JT Thor,PF,19,CHO,33,262,0.436,15.8,0.509,0.255,0.127,0.073,0.055,0.491,0.607,0.786,0.429,0.250,0.667,0.259,0.706,1.000,thorjt01
Matisse Thybulle,SG,24,PHI,66,1685,0.500,13.1,0.520,0.407,0.097,0.017,0.000,0.480,0.673,0.795,0.276,0.000,,0.313,0.733,0.956,thybuma01
Killian Tillie,C,23,MEM,36,461,0.339,18.7,0.323,0.126,0.157,0.039,0.000,0.677,0.390,0.688,0.200,0.200,,0.314,0.625,0.963,tilliki02
Xavier Tillman Sr.,PF,23,MEM,53,701,0.454,9.6,0.773,0.389,0.245,0.106,0.032,0.227,0.527,0.595,0.472,0.478,0.286,0.204,0.670,0.900,tillmxa01
Isaiah Todd,PF,20,WAS,12,74,0.269,18.0,0.385,0.154,0.115,0.077,0.038,0.615,0.300,0.250,0.333,0.000,1.000,0.250,0.667,1.000,toddis01
Obi Toppin,PF,23,NYK,72,1230,0.531,10.5,0.643,0.505,0.108,0.017,0.013,0.357,0.655,0.728,0.392,0.375,0.333,0.308,0.824,1.000,toppiob01
Juan Toscano-Anderson,SF,28,GSW,73,994,0.489,11.7,0.630,0.328,0.277,0.013,0.013,0.370,0.588,0.662,0.538,0.000,0.333,0.322,0.690,0.857,toscaju01
Karl-Anthony Towns,C,26,MIN,74,2476,0.529,11.5,0.699,0.333,0.255,0.049,0.062,0.301,0.580,0.688,0.537,0.350,0.360,0.410,0.537,0.887,townska01
Gary Trent Jr.,SG,23,TOR,70,2448,0.414,18.5,0.498,0.087,0.131,0.113,0.167,0.502,0.445,0.579,0.415,0.480,0.376,0.383,0.411,0.766,trentga02
P.J. Tucker,PF,36,MIA,71,1981,0.484,13.8,0.549,0.199,0.255,0.079,0.016,0.451,0.540,0.600,0.532,0.471,0.286,0.415,0.819,0.988,tuckepj01
Rayjon Tucker,SG,24,TOT,5,71,0.667,18.2,0.444,0.222,0.000,0.111,0.111,0.556,0.500,1.000,,0.000,0.000,0.800,0.000,0.500,tuckera01
Myles Turner,C,25,IND,42,1235,0.509,14.8,0.534,0.242,0.216,0.048,0.028,0.466,0.662,0.789,0.565,0.526,0.545,0.333,0.683,1.000,turnemy01
Jonas Valančiūnas,C,29,NOP,74,2240,0.544,9.1,0.832,0.333,0.324,0.132,0.043,0.168,0.581,0.696,0.520,0.484,0.450,0.361,0.627,0.982,valanjo01
Denzel Valentine,SG,28,TOT,24,222,0.379,20.6,0.288,0.061,0.091,0.106,0.030,0.712,0.316,0.750,0.333,0.143,0.000,0.404,0.333,0.895,valende01
Jarred Vanderbilt,PF,22,MIN,74,1880,0.587,3.1,0.961,0.726,0.211,0.022,0.003,0.039,0.605,0.710,0.289,0.250,0.000,0.143,0.690,1.000,vandeja01
Fred VanVleet,PG,27,TOR,65,2462,0.403,19.9,0.415,0.086,0.122,0.091,0.116,0.585,0.440,0.649,0.313,0.410,0.441,0.377,0.225,0.595,vanvlfr01
Devin Vassell,SF,21,SAS,71,1937,0.427,17.3,0.503,0.131,0.126,0.151,0.096,0.497,0.492,0.670,0.448,0.417,0.425,0.361,0.672,0.971,vassede01
Gabe Vincent,PG,25,MIA,68,1589,0.417,19.5,0.370,0.138,0.078,0.082,0.072,0.630,0.500,0.563,0.475,0.524,0.378,0.368,0.400,0.798,vincega01
Nikola Vučević,C,31,CHI,73,2418,0.473,13.0,0.713,0.223,0.253,0.137,0.101,0.287,0.537,0.708,0.490,0.449,0.397,0.314,0.713,1.000,vucevni01
Dean Wade,PF,25,CLE,51,980,0.456,18.3,0.346,0.198,0.055,0.069,0.023,0.654,0.640,0.767,0.500,0.267,1.000,0.359,0.563,0.980,wadede01
Franz Wagner,SF,20,ORL,79,2429,0.468,10.4,0.722,0.295,0.367,0.043,0.016,0.278,0.511,0.625,0.455,0.310,0.250,0.354,0.531,0.833,wagnefr01
Moritz Wagner,C,24,ORL,63,960,0.497,14.4,0.492,0.316,0.169,0.000,0.008,0.508,0.672,0.752,0.552,,0.000,0.328,0.763,0.985,wagnemo01
Ish Wainright,PF,27,PHO,45,359,0.394,15.8,0.433,0.231,0.163,0.019,0.019,0.567,0.489,0.708,0.294,0.000,0.000,0.322,0.636,1.000,wainris01
Kemba Walker,PG,31,NYK,37,948,0.403,18.0,0.462,0.138,0.130,0.084,0.111,0.538,0.444,0.569,0.375,0.323,0.463,0.367,0.211,0.507,walkeke02
Lonnie Walker IV,SG,23,SAS,70,1612,0.407,17.0,0.538,0.166,0.122,0.093,0.157,0.462,0.487,0.693,0.430,0.366,0.383,0.314,0.540,0.856,walkelo01
M.J. Walker,SG,23,PHO,2,8,0.000,15.4,0.500,0.250,0.250,0.000,0.000,0.500,0.000,0.000,0.000,,,0.000,,,walkemj01
Tyrone Wallace,SG,27,NOP,6,75,0.350,13.0,0.600,0.350,0.150,0.050,0.050,0.400,0.417,0.714,0.000,0.000,0.000,0.250,1.000,1.000,wallaty01
Derrick Walton,PG,26,DET,3,108,0.231,18.1,0.500,0.077,0.192,0.038,0.192,0.500,0.231,0.500,0.200,0.000,0.200,0.231,0.000,1.000,waltode01
Brad Wanamaker,PG,32,TOT,23,320,0.364,13.4,0.779,0.208,0.208,0.169,0.195,0.221,0.400,0.438,0.438,0.462,0.267,0.235,0.458,1.000,wanambr01
Duane Washington Jr.,PG,21,IND,48,968,0.405,16.3,0.496,0.201,0.155,0.080,0.061,0.504,0.434,0.535,0.379,0.353,0.346,0.377,0.522,0.926,washidu02
P.J. Washington,C,23,CHO,65,1768,0.470,15.8,0.434,0.286,0.132,0.015,0.002,0.566,0.606,0.711,0.400,0.500,0.000,0.365,0.793,0.973,washipj01
Yuta Watanabe,SF,27,TOR,38,445,0.406,17.2,0.428,0.167,0.130,0.101,0.029,0.572,0.492,0.565,0.333,0.571,0.500,0.342,0.655,1.000,watanyu01
Lindy Waters III,SG,24,OKC,25,465,0.406,22.4,0.166,0.040,0.097,0.023,0.006,0.834,0.621,0.714,0.647,0.250,1.000,0.363,0.722,0.887,waterli01
Tremont Waters,PG,24,TOT,3,50,0.286,22.7,0.357,0.000,0.143,0.143,0.071,0.643,0.400,,0.500,0.500,0.000,0.222,0.000,0.500,watertr01
Trendon Watford,SF,21,POR,48,869,0.532,8.0,0.858,0.371,0.337,0.135,0.015,0.142,0.581,0.768,0.478,0.361,0.250,0.237,0.579,0.889,watfotr01
Paul Watson,SF,27,OKC,9,156,0.343,19.7,0.257,0.114,0.114,0.029,0.000,0.743,0.667,0.750,0.500,1.000,,0.231,0.500,1.000,watsopa01
Quinndary Weatherspoon,SG,25,GSW,11,73,0.571,8.5,0.762,0.476,0.238,0.048,0.000,0.238,0.688,0.800,0.600,0.000,,0.200,0.818,1.000,weathqu01
Russell Westbrook,PG,33,LAL,78,2678,0.444,10.8,0.785,0.333,0.232,0.106,0.114,0.215,0.485,0.623,0.388,0.374,0.379,0.298,0.232,0.646,westbru01
Coby White,PG,21,CHI,61,1675,0.433,17.4,0.452,0.183,0.130,0.065,0.073,0.548,0.491,0.661,0.357,0.381,0.404,0.385,0.420,0.897,whiteco01
Derrick White,SG,27,TOT,75,2199,0.421,15.4,0.539,0.159,0.231,0.120,0.029,0.461,0.515,0.614,0.503,0.479,0.217,0.312,0.401,0.835,whitede01
Hassan Whiteside,C,32,UTA,65,1162,0.652,3.8,1.000,0.552,0.376,0.058,0.015,0.000,0.652,0.802,0.516,0.263,0.000,,0.637,,whiteha01
Joe Wieskamp,SG,22,SAS,29,205,0.357,21.5,0.232,0.071,0.054,0.036,0.071,0.768,0.462,0.750,0.333,0.500,0.250,0.326,0.500,0.929,wieskjo01
Aaron Wiggins,SG,23,OKC,50,1209,0.463,12.7,0.591,0.249,0.318,0.018,0.006,0.409,0.573,0.655,0.514,0.500,0.500,0.304,0.561,0.976,wiggiaa01
Andrew Wiggins,SF,26,GSW,73,2329,0.466,14.9,0.608,0.161,0.242,0.094,0.111,0.392,0.513,0.732,0.490,0.365,0.372,0.393,0.497,0.898,wiggian01
Lindell Wigginton,PG,23,MIL,19,199,0.426,12.7,0.574,0.377,0.180,0.016,0.000,0.426,0.486,0.609,0.273,0.000,,0.346,0.765,1.000,wiggili01
Brandon Williams,PG,22,POR,24,640,0.372,14.1,0.624,0.259,0.184,0.099,0.082,0.376,0.420,0.507,0.327,0.429,0.348,0.292,0.311,0.710,willibr03
Grant Williams,PF,23,BOS,77,1875,0.475,16.6,0.403,0.185,0.169,0.035,0.014,0.597,0.569,0.750,0.493,0.133,0.167,0.411,0.717,0.991,willigr01
Kenrich Williams,SF,27,OKC,49,1072,0.461,13.7,0.618,0.243,0.224,0.079,0.073,0.382,0.536,0.649,0.479,0.480,0.391,0.339,0.590,0.829,willike04
Lou Williams,PG,35,ATL,56,799,0.391,15.3,0.681,0.116,0.159,0.244,0.163,0.319,0.404,0.514,0.392,0.372,0.385,0.363,0.341,0.730,willilo02
Patrick Williams,PF,20,CHI,17,422,0.529,13.2,0.716,0.275,0.147,0.108,0.186,0.284,0.534,0.714,0.400,0.545,0.368,0.517,0.667,0.933,willipa01
Robert Williams,C,24,BOS,61,1804,0.736,2.4,0.997,0.772,0.198,0.014,0.014,0.003,0.738,0.792,0.589,0.200,0.400,0.000,0.694,,williro04
Ziaire Williams,SF,20,MEM,62,1346,0.450,17.2,0.429,0.179,0.108,0.083,0.059,0.571,0.632,0.855,0.478,0.343,0.640,0.314,0.800,0.961,willizi02
D.J. Wilson,PF,25,TOR,4,54,0.733,9.6,0.867,0.400,0.133,0.200,0.133,0.133,0.846,1.000,0.500,0.667,1.000,0.000,0.727,,wilsodj01
Dylan Windler,SF,25,CLE,50,459,0.378,18.7,0.286,0.194,0.082,0.010,0.000,0.714,0.571,0.632,0.500,0.000,,0.300,0.813,0.952,windldy01
Justise Winslow,PF,25,TOT,48,774,0.428,10.7,0.743,0.354,0.257,0.070,0.062,0.257,0.497,0.681,0.379,0.222,0.250,0.227,0.695,1.000,winslju01
Cassius Winston,PG,23,WAS,7,39,0.364,19.1,0.455,0.091,0.091,0.182,0.091,0.545,0.400,0.000,0.000,0.500,1.000,0.333,0.500,1.000,winstca01
Christian Wood,C,26,HOU,68,2094,0.501,13.0,0.617,0.312,0.211,0.054,0.041,0.383,0.570,0.737,0.454,0.340,0.194,0.390,0.605,0.847,woodch01
Robert Woodard II,SF,22,SAC,12,42,0.125,12.7,0.750,0.188,0.250,0.125,0.188,0.250,0.083,0.333,0.000,0.000,0.000,0.250,1.000,1.000,woodaro01
Delon Wright,SG,29,ATL,77,1452,0.454,14.1,0.569,0.294,0.190,0.045,0.041,0.431,0.510,0.620,0.412,0.250,0.455,0.379,0.449,0.818,wrighde01
McKinley Wright IV,PG,23,MIN,5,19,0.667,19.3,0.333,0.000,0.333,0.000,0.000,0.667,1.000,,1.000,,,0.500,0.000,0.000,wrighmc01
Moses Wright,PF,23,TOT,4,14,0.250,13.2,0.750,0.250,0.000,0.500,0.000,0.250,0.333,1.000,,0.000,,0.000,1.000,,wrighmo01
Gabe York,SG,28,IND,2,21,0.286,22.4,0.143,0.000,0.143,0.000,0.000,0.857,1.000,,1.000,,,0.167,1.000,1.000,yorkga01
Thaddeus Young,PF,33,TOT,52,845,0.518,7.7,0.824,0.382,0.393,0.026,0.022,0.176,0.554,0.625,0.523,0.286,0.167,0.354,0.524,1.000,youngth01
Trae Young,PG,23,ATL,76,2652,0.460,16.5,0.605,0.159,0.204,0.116,0.126,0.395,0.512,0.620,0.451,0.469,0.513,0.382,0.142,0.223,youngtr01
Omer Yurtseven,C,23,MIA,56,706,0.526,5.8,0.955,0.437,0.385,0.113,0.020,0.045,0.547,0.722,0.432,0.357,0.000,0.091,0.783,1.000,yurtsom01
Cody Zeller,C,29,POR,27,355,0.567,3.7,0.956,0.644,0.267,0.033,0.011,0.044,0.593,0.621,0.542,0.333,1.000,0.000,0.725,,zelleco01
Ivica Zubac,C,24,LAC,76,1852,0.626,3.4,1.000,0.580,0.382,0.032,0.006,0.000,0.626,0.714,0.508,0.500,0.333,,0.719,,zubaciv01